[2025-09-15T09:15:33.446Z] [INFO] [SPORT-SETTLE] Starting batch settlement for 1 events
{
  "eventIds": [
    "745429556"
  ]
}
================================================================================
[2025-09-15T09:15:33.572Z] [INFO] [SPORT-SETTLE] Found 1 pending bets across 1 events
{
  "totalBets": 1,
  "totalEvents": 1,
  "eventIds": [
    "745429556"
  ]
}
================================================================================
[2025-09-15T09:15:33.573Z] [INFO] [SPORT-SETTLE] Grouped bets by event
{
  "eventsWithBets": 1,
  "betsPerEvent": [
    {
      "eventId": "745429556",
      "betCount": 1
    }
  ]
}
================================================================================
[2025-09-15T09:15:33.573Z] [INFO] [SPORT-SETTLE] Processing event 745429556 with 1 pending bets
================================================================================
[2025-09-15T09:15:33.732Z] [INFO] [SPORT-SETTLE] OTHER MARKETS: Trying Fancy API ONLY for event 745429556, market type: Period Winner
{
  "eventId": "745429556",
  "marketType": "Period Winner"
}
================================================================================
[2025-09-15T09:15:34.223Z] [ERROR] [SPORT-SETTLE] OTHER MARKETS: Fancy API failed for event 745429556, market type Period Winner - bet will remain pending (no fallback)
{
  "eventId": "745429556",
  "marketType": "Period Winner"
}
================================================================================
[2025-09-15T09:15:34.224Z] [INFO] [SPORT-SETTLE] Event 745429556 settlement completed
{
  "eventId": "745429556",
  "settledCount": 0,
  "errorCount": 1,
  "errors": [
    {
      "eventId": "745429556",
      "error": "No result data available for settlement - both APIs failed"
    }
  ]
}
================================================================================
[2025-09-15T09:15:34.225Z] [INFO] [SPORT-SETTLE] Batch settlement completed
{
  "totalSettled": 0,
  "totalErrors": 1,
  "totalEvents": 1,
  "errors": [
    {
      "eventId": "745429556",
      "error": "No result data available for settlement - both APIs failed"
    }
  ]
}
================================================================================
[2025-09-15T09:16:30.932Z] [INFO] [SPORT-SETTLE] Starting batch settlement for 1 events
{
  "eventIds": [
    "745429556"
  ]
}
================================================================================
[2025-09-15T09:16:31.638Z] [INFO] [SPORT-SETTLE] Found 1 pending bets across 1 events
{
  "totalBets": 1,
  "totalEvents": 1,
  "eventIds": [
    "745429556"
  ]
}
================================================================================
[2025-09-15T09:16:31.639Z] [INFO] [SPORT-SETTLE] Grouped bets by event
{
  "eventsWithBets": 1,
  "betsPerEvent": [
    {
      "eventId": "745429556",
      "betCount": 1
    }
  ]
}
================================================================================
[2025-09-15T09:16:31.639Z] [INFO] [SPORT-SETTLE] Processing event 745429556 with 1 pending bets
================================================================================
[2025-09-15T09:16:31.830Z] [INFO] [SPORT-SETTLE] OTHER MARKETS: Trying Fancy API ONLY for event 745429556, market type: Period Winner
{
  "eventId": "745429556",
  "marketType": "Period Winner"
}
================================================================================
[2025-09-15T09:16:32.117Z] [ERROR] [SPORT-SETTLE] OTHER MARKETS: Fancy API failed for event 745429556, market type Period Winner - bet will remain pending (no fallback)
{
  "eventId": "745429556",
  "marketType": "Period Winner"
}
================================================================================
[2025-09-15T09:16:32.117Z] [INFO] [SPORT-SETTLE] Event 745429556 settlement completed
{
  "eventId": "745429556",
  "settledCount": 0,
  "errorCount": 1,
  "errors": [
    {
      "eventId": "745429556",
      "error": "No result data available for settlement - both APIs failed"
    }
  ]
}
================================================================================
[2025-09-15T09:16:32.117Z] [INFO] [SPORT-SETTLE] Batch settlement completed
{
  "totalSettled": 0,
  "totalErrors": 1,
  "totalEvents": 1,
  "errors": [
    {
      "eventId": "745429556",
      "error": "No result data available for settlement - both APIs failed"
    }
  ]
}
================================================================================
[2025-09-15T09:17:29.281Z] [INFO] [SPORT-SETTLE] Starting batch settlement for 1 events
{
  "eventIds": [
    "745429556"
  ]
}
================================================================================
[2025-09-15T09:17:30.247Z] [INFO] [SPORT-SETTLE] Found 1 pending bets across 1 events
{
  "totalBets": 1,
  "totalEvents": 1,
  "eventIds": [
    "745429556"
  ]
}
================================================================================
[2025-09-15T09:17:30.247Z] [INFO] [SPORT-SETTLE] Grouped bets by event
{
  "eventsWithBets": 1,
  "betsPerEvent": [
    {
      "eventId": "745429556",
      "betCount": 1
    }
  ]
}
================================================================================
[2025-09-15T09:17:30.247Z] [INFO] [SPORT-SETTLE] Processing event 745429556 with 1 pending bets
================================================================================
[2025-09-15T09:17:31.246Z] [INFO] [SPORT-SETTLE] OTHER MARKETS: Trying Fancy API ONLY for event 745429556, market type: Period Winner
{
  "eventId": "745429556",
  "marketType": "Period Winner"
}
================================================================================
[2025-09-15T09:17:32.366Z] [ERROR] [SPORT-SETTLE] OTHER MARKETS: Fancy API failed for event 745429556, market type Period Winner - bet will remain pending (no fallback)
{
  "eventId": "745429556",
  "marketType": "Period Winner"
}
================================================================================
[2025-09-15T09:17:32.367Z] [INFO] [SPORT-SETTLE] Event 745429556 settlement completed
{
  "eventId": "745429556",
  "settledCount": 0,
  "errorCount": 1,
  "errors": [
    {
      "eventId": "745429556",
      "error": "No result data available for settlement - both APIs failed"
    }
  ]
}
================================================================================
[2025-09-15T09:17:32.367Z] [INFO] [SPORT-SETTLE] Batch settlement completed
{
  "totalSettled": 0,
  "totalErrors": 1,
  "totalEvents": 1,
  "errors": [
    {
      "eventId": "745429556",
      "error": "No result data available for settlement - both APIs failed"
    }
  ]
}
================================================================================
[2025-09-15T09:19:12.966Z] [INFO] [SPORT-SETTLE] Starting batch settlement for 1 events
{
  "eventIds": [
    "745429556"
  ]
}
================================================================================
[2025-09-15T09:19:13.061Z] [INFO] [SPORT-SETTLE] Found 1 pending bets across 1 events
{
  "totalBets": 1,
  "totalEvents": 1,
  "eventIds": [
    "745429556"
  ]
}
================================================================================
[2025-09-15T09:19:13.062Z] [INFO] [SPORT-SETTLE] Grouped bets by event
{
  "eventsWithBets": 1,
  "betsPerEvent": [
    {
      "eventId": "745429556",
      "betCount": 1
    }
  ]
}
================================================================================
[2025-09-15T09:19:13.062Z] [INFO] [SPORT-SETTLE] Processing event 745429556 with 1 pending bets
================================================================================
[2025-09-15T09:19:13.185Z] [INFO] [SPORT-SETTLE] OTHER MARKETS: Trying Fancy API ONLY for event 745429556, market type: Period Winner
{
  "eventId": "745429556",
  "marketType": "Period Winner"
}
================================================================================
[2025-09-15T09:19:13.185Z] [INFO] [SPORT-SETTLE] Trying Fancy API for event 745429556, market type: Period Winner
{
  "eventId": "745429556",
  "marketType": "Period Winner",
  "apiType": "fancy"
}
================================================================================
[2025-09-15T09:19:13.185Z] [DEBUG] [SPORT-SETTLE] Fancy API URL: http://localhost:3000/api/new/fancyResultData?eventId=745429556
{
  "url": "http://localhost:3000/api/new/fancyResultData?eventId=745429556"
}
================================================================================
[2025-09-15T09:19:13.963Z] [INFO] [SPORT-SETTLE] Fancy API response received
{
  "eventId": "745429556",
  "status": 200,
  "dataLength": 0,
  "hasData": true
}
================================================================================
[2025-09-15T09:19:13.963Z] [DEBUG] [SPORT-SETTLE] FANCY API response data
{
  "eventId": "745429556",
  "responseData": []
}
================================================================================
[2025-09-15T09:19:13.964Z] [WARN] [SPORT-SETTLE] FANCY API returned empty data for event 745429556
{
  "eventId": "745429556",
  "apiUsed": "fancy"
}
================================================================================
[2025-09-15T09:19:13.964Z] [ERROR] [SPORT-SETTLE] OTHER MARKETS: Fancy API failed for event 745429556, market type Period Winner - bet will remain pending (no fallback)
{
  "eventId": "745429556",
  "marketType": "Period Winner"
}
================================================================================
[2025-09-15T09:19:13.965Z] [INFO] [SPORT-SETTLE] Event 745429556 settlement completed
{
  "eventId": "745429556",
  "settledCount": 0,
  "errorCount": 1,
  "errors": [
    {
      "eventId": "745429556",
      "error": "No result data available for settlement - both APIs failed"
    }
  ]
}
================================================================================
[2025-09-15T09:19:13.965Z] [INFO] [SPORT-SETTLE] Batch settlement completed
{
  "totalSettled": 0,
  "totalErrors": 1,
  "totalEvents": 1,
  "errors": [
    {
      "eventId": "745429556",
      "error": "No result data available for settlement - both APIs failed"
    }
  ]
}
================================================================================
[2025-09-15T09:58:52.217Z] [INFO] [SPORT-SETTLE] Starting batch settlement for 3 events
{
  "eventIds": [
    "745429556",
    "778162788",
    "802156626"
  ]
}
================================================================================
[2025-09-15T09:58:52.307Z] [INFO] [SPORT-SETTLE] Found 6 pending bets across 3 events
{
  "totalBets": 6,
  "totalEvents": 3,
  "eventIds": [
    "745429556",
    "778162788",
    "802156626"
  ]
}
================================================================================
[2025-09-15T09:58:52.307Z] [INFO] [SPORT-SETTLE] Grouped bets by event
{
  "eventsWithBets": 3,
  "betsPerEvent": [
    {
      "eventId": "745429556",
      "betCount": 1
    },
    {
      "eventId": "778162788",
      "betCount": 4
    },
    {
      "eventId": "802156626",
      "betCount": 1
    }
  ]
}
================================================================================
[2025-09-15T09:58:52.307Z] [INFO] [SPORT-SETTLE] Processing event 745429556 with 1 pending bets
================================================================================
[2025-09-15T09:58:52.383Z] [INFO] [SPORT-SETTLE] OTHER MARKETS: Trying Fancy API ONLY for event 745429556, market type: Period Winner
{
  "eventId": "745429556",
  "marketType": "Period Winner"
}
================================================================================
[2025-09-15T09:58:52.384Z] [INFO] [SPORT-SETTLE] Trying Fancy API for event 745429556, market type: Period Winner
{
  "eventId": "745429556",
  "marketType": "Period Winner",
  "apiType": "fancy"
}
================================================================================
[2025-09-15T09:58:52.384Z] [DEBUG] [SPORT-SETTLE] Fancy API URL: http://172.105.54.97:8085/api/new/fancyResultData?eventId=745429556
{
  "url": "http://172.105.54.97:8085/api/new/fancyResultData?eventId=745429556"
}
================================================================================
[2025-09-15T09:58:52.549Z] [ERROR] [SPORT-SETTLE] Fancy API failed for event 745429556
{
  "eventId": "745429556",
  "marketType": "Period Winner",
  "error": {
    "message": "Request failed with status code 401",
    "code": "ERR_BAD_REQUEST",
    "status": 401,
    "statusText": "Unauthorized"
  }
}
================================================================================
[2025-09-15T09:58:52.549Z] [ERROR] [SPORT-SETTLE] OTHER MARKETS: Fancy API failed for event 745429556, market type Period Winner - bet will remain pending (no fallback)
{
  "eventId": "745429556",
  "marketType": "Period Winner"
}
================================================================================
[2025-09-15T09:58:52.549Z] [INFO] [SPORT-SETTLE] Event 745429556 settlement completed
{
  "eventId": "745429556",
  "settledCount": 0,
  "errorCount": 1,
  "errors": [
    {
      "eventId": "745429556",
      "error": "No result data available for settlement - both APIs failed"
    }
  ]
}
================================================================================
[2025-09-15T09:58:52.549Z] [INFO] [SPORT-SETTLE] Processing event 778162788 with 4 pending bets
================================================================================
[2025-09-15T09:58:52.626Z] [INFO] [SPORT-SETTLE] MATCH_ODDS/BOOKMAKER: Trying Diamond API first for event 778162788
{
  "eventId": "778162788",
  "marketType": "MATCH_ODDS"
}
================================================================================
[2025-09-15T09:58:52.626Z] [INFO] [SPORT-SETTLE] Trying Diamond API for event 778162788, market type: MATCH_ODDS
{
  "eventId": "778162788",
  "marketType": "MATCH_ODDS",
  "apiType": "diamond"
}
================================================================================
[2025-09-15T09:58:52.627Z] [DEBUG] [SPORT-SETTLE] Diamond API URL: http://172.105.54.97:8085/api/v2/diamondResults?eventId=778162788
{
  "url": "http://172.105.54.97:8085/api/v2/diamondResults?eventId=778162788"
}
================================================================================
[2025-09-15T09:58:52.718Z] [ERROR] [SPORT-SETTLE] Diamond API failed for event 778162788
{
  "eventId": "778162788",
  "marketType": "MATCH_ODDS",
  "error": {
    "message": "Request failed with status code 401",
    "code": "ERR_BAD_REQUEST",
    "status": 401,
    "statusText": "Unauthorized"
  }
}
================================================================================
[2025-09-15T09:58:52.718Z] [WARN] [SPORT-SETTLE] MATCH_ODDS/BOOKMAKER: Diamond API failed for event 778162788, trying Fancy API fallback
{
  "eventId": "778162788",
  "marketType": "MATCH_ODDS"
}
================================================================================
[2025-09-15T09:58:52.718Z] [INFO] [SPORT-SETTLE] Trying Fancy API for event 778162788, market type: MATCH_ODDS
{
  "eventId": "778162788",
  "marketType": "MATCH_ODDS",
  "apiType": "fancy"
}
================================================================================
[2025-09-15T09:58:52.718Z] [DEBUG] [SPORT-SETTLE] Fancy API URL: http://172.105.54.97:8085/api/new/fancyResultData?eventId=778162788
{
  "url": "http://172.105.54.97:8085/api/new/fancyResultData?eventId=778162788"
}
================================================================================
[2025-09-15T09:58:52.803Z] [ERROR] [SPORT-SETTLE] Fancy API failed for event 778162788
{
  "eventId": "778162788",
  "marketType": "MATCH_ODDS",
  "error": {
    "message": "Request failed with status code 401",
    "code": "ERR_BAD_REQUEST",
    "status": 401,
    "statusText": "Unauthorized"
  }
}
================================================================================
[2025-09-15T09:58:52.805Z] [ERROR] [SPORT-SETTLE] MATCH_ODDS/BOOKMAKER: Both Diamond and Fancy APIs failed for event 778162788 - bet will remain pending
{
  "eventId": "778162788",
  "marketType": "MATCH_ODDS"
}
================================================================================
[2025-09-15T09:58:52.805Z] [INFO] [SPORT-SETTLE] OTHER MARKETS: Trying Fancy API ONLY for event 778162788, market type: Normal
{
  "eventId": "778162788",
  "marketType": "Normal"
}
================================================================================
[2025-09-15T09:58:52.805Z] [INFO] [SPORT-SETTLE] Trying Fancy API for event 778162788, market type: Normal
{
  "eventId": "778162788",
  "marketType": "Normal",
  "apiType": "fancy"
}
================================================================================
[2025-09-15T09:58:52.806Z] [DEBUG] [SPORT-SETTLE] Fancy API URL: http://172.105.54.97:8085/api/new/fancyResultData?eventId=778162788
{
  "url": "http://172.105.54.97:8085/api/new/fancyResultData?eventId=778162788"
}
================================================================================
[2025-09-15T09:58:52.887Z] [ERROR] [SPORT-SETTLE] Fancy API failed for event 778162788
{
  "eventId": "778162788",
  "marketType": "Normal",
  "error": {
    "message": "Request failed with status code 401",
    "code": "ERR_BAD_REQUEST",
    "status": 401,
    "statusText": "Unauthorized"
  }
}
================================================================================
[2025-09-15T09:58:52.887Z] [ERROR] [SPORT-SETTLE] OTHER MARKETS: Fancy API failed for event 778162788, market type Normal - bet will remain pending (no fallback)
{
  "eventId": "778162788",
  "marketType": "Normal"
}
================================================================================
[2025-09-15T09:58:52.887Z] [INFO] [SPORT-SETTLE] OTHER MARKETS: Trying Fancy API ONLY for event 778162788, market type: Odd/Even
{
  "eventId": "778162788",
  "marketType": "Odd/Even"
}
================================================================================
[2025-09-15T09:58:52.887Z] [INFO] [SPORT-SETTLE] Trying Fancy API for event 778162788, market type: Odd/Even
{
  "eventId": "778162788",
  "marketType": "Odd/Even",
  "apiType": "fancy"
}
================================================================================
[2025-09-15T09:58:52.887Z] [DEBUG] [SPORT-SETTLE] Fancy API URL: http://172.105.54.97:8085/api/new/fancyResultData?eventId=778162788
{
  "url": "http://172.105.54.97:8085/api/new/fancyResultData?eventId=778162788"
}
================================================================================
[2025-09-15T09:58:52.973Z] [ERROR] [SPORT-SETTLE] Fancy API failed for event 778162788
{
  "eventId": "778162788",
  "marketType": "Odd/Even",
  "error": {
    "message": "Request failed with status code 401",
    "code": "ERR_BAD_REQUEST",
    "status": 401,
    "statusText": "Unauthorized"
  }
}
================================================================================
[2025-09-15T09:58:52.973Z] [ERROR] [SPORT-SETTLE] OTHER MARKETS: Fancy API failed for event 778162788, market type Odd/Even - bet will remain pending (no fallback)
{
  "eventId": "778162788",
  "marketType": "Odd/Even"
}
================================================================================
[2025-09-15T09:58:52.974Z] [INFO] [SPORT-SETTLE] OTHER MARKETS: Trying Fancy API ONLY for event 778162788, market type: 1ST INN 10 OVER SUR VS NOT
{
  "eventId": "778162788",
  "marketType": "1ST INN 10 OVER SUR VS NOT"
}
================================================================================
[2025-09-15T09:58:52.974Z] [INFO] [SPORT-SETTLE] Trying Fancy API for event 778162788, market type: 1ST INN 10 OVER SUR VS NOT
{
  "eventId": "778162788",
  "marketType": "1ST INN 10 OVER SUR VS NOT",
  "apiType": "fancy"
}
================================================================================
[2025-09-15T09:58:52.974Z] [DEBUG] [SPORT-SETTLE] Fancy API URL: http://172.105.54.97:8085/api/new/fancyResultData?eventId=778162788
{
  "url": "http://172.105.54.97:8085/api/new/fancyResultData?eventId=778162788"
}
================================================================================
[2025-09-15T09:58:53.046Z] [ERROR] [SPORT-SETTLE] Fancy API failed for event 778162788
{
  "eventId": "778162788",
  "marketType": "1ST INN 10 OVER SUR VS NOT",
  "error": {
    "message": "Request failed with status code 401",
    "code": "ERR_BAD_REQUEST",
    "status": 401,
    "statusText": "Unauthorized"
  }
}
================================================================================
[2025-09-15T09:58:53.047Z] [ERROR] [SPORT-SETTLE] OTHER MARKETS: Fancy API failed for event 778162788, market type 1ST INN 10 OVER SUR VS NOT - bet will remain pending (no fallback)
{
  "eventId": "778162788",
  "marketType": "1ST INN 10 OVER SUR VS NOT"
}
================================================================================
[2025-09-15T09:58:53.047Z] [INFO] [SPORT-SETTLE] Event 778162788 settlement completed
{
  "eventId": "778162788",
  "settledCount": 0,
  "errorCount": 1,
  "errors": [
    {
      "eventId": "778162788",
      "error": "No result data available for settlement - both APIs failed"
    }
  ]
}
================================================================================
[2025-09-15T09:58:53.047Z] [INFO] [SPORT-SETTLE] Processing event 802156626 with 1 pending bets
================================================================================
[2025-09-15T09:58:53.131Z] [INFO] [SPORT-SETTLE] MATCH_ODDS/BOOKMAKER: Trying Diamond API first for event 802156626
{
  "eventId": "802156626",
  "marketType": "MATCH_ODDS"
}
================================================================================
[2025-09-15T09:58:53.131Z] [INFO] [SPORT-SETTLE] Trying Diamond API for event 802156626, market type: MATCH_ODDS
{
  "eventId": "802156626",
  "marketType": "MATCH_ODDS",
  "apiType": "diamond"
}
================================================================================
[2025-09-15T09:58:53.132Z] [DEBUG] [SPORT-SETTLE] Diamond API URL: http://172.105.54.97:8085/api/v2/diamondResults?eventId=802156626
{
  "url": "http://172.105.54.97:8085/api/v2/diamondResults?eventId=802156626"
}
================================================================================
[2025-09-15T09:58:53.355Z] [ERROR] [SPORT-SETTLE] Diamond API failed for event 802156626
{
  "eventId": "802156626",
  "marketType": "MATCH_ODDS",
  "error": {
    "message": "Request failed with status code 401",
    "code": "ERR_BAD_REQUEST",
    "status": 401,
    "statusText": "Unauthorized"
  }
}
================================================================================
[2025-09-15T09:58:53.355Z] [WARN] [SPORT-SETTLE] MATCH_ODDS/BOOKMAKER: Diamond API failed for event 802156626, trying Fancy API fallback
{
  "eventId": "802156626",
  "marketType": "MATCH_ODDS"
}
================================================================================
[2025-09-15T09:58:53.355Z] [INFO] [SPORT-SETTLE] Trying Fancy API for event 802156626, market type: MATCH_ODDS
{
  "eventId": "802156626",
  "marketType": "MATCH_ODDS",
  "apiType": "fancy"
}
================================================================================
[2025-09-15T09:58:53.355Z] [DEBUG] [SPORT-SETTLE] Fancy API URL: http://172.105.54.97:8085/api/new/fancyResultData?eventId=802156626
{
  "url": "http://172.105.54.97:8085/api/new/fancyResultData?eventId=802156626"
}
================================================================================
[2025-09-15T09:58:53.436Z] [ERROR] [SPORT-SETTLE] Fancy API failed for event 802156626
{
  "eventId": "802156626",
  "marketType": "MATCH_ODDS",
  "error": {
    "message": "Request failed with status code 401",
    "code": "ERR_BAD_REQUEST",
    "status": 401,
    "statusText": "Unauthorized"
  }
}
================================================================================
[2025-09-15T09:58:53.436Z] [ERROR] [SPORT-SETTLE] MATCH_ODDS/BOOKMAKER: Both Diamond and Fancy APIs failed for event 802156626 - bet will remain pending
{
  "eventId": "802156626",
  "marketType": "MATCH_ODDS"
}
================================================================================
[2025-09-15T09:58:53.436Z] [INFO] [SPORT-SETTLE] Event 802156626 settlement completed
{
  "eventId": "802156626",
  "settledCount": 0,
  "errorCount": 1,
  "errors": [
    {
      "eventId": "802156626",
      "error": "No result data available for settlement - both APIs failed"
    }
  ]
}
================================================================================
[2025-09-15T09:58:53.436Z] [INFO] [SPORT-SETTLE] Batch settlement completed
{
  "totalSettled": 0,
  "totalErrors": 3,
  "totalEvents": 3,
  "errors": [
    {
      "eventId": "745429556",
      "error": "No result data available for settlement - both APIs failed"
    },
    {
      "eventId": "778162788",
      "error": "No result data available for settlement - both APIs failed"
    },
    {
      "eventId": "802156626",
      "error": "No result data available for settlement - both APIs failed"
    }
  ]
}
================================================================================
[2025-09-15T09:59:51.928Z] [INFO] [SPORT-SETTLE] Starting batch settlement for 3 events
{
  "eventIds": [
    "745429556",
    "778162788",
    "802156626"
  ]
}
================================================================================
[2025-09-15T09:59:52.057Z] [INFO] [SPORT-SETTLE] Found 6 pending bets across 3 events
{
  "totalBets": 6,
  "totalEvents": 3,
  "eventIds": [
    "745429556",
    "778162788",
    "802156626"
  ]
}
================================================================================
[2025-09-15T09:59:52.057Z] [INFO] [SPORT-SETTLE] Grouped bets by event
{
  "eventsWithBets": 3,
  "betsPerEvent": [
    {
      "eventId": "745429556",
      "betCount": 1
    },
    {
      "eventId": "778162788",
      "betCount": 4
    },
    {
      "eventId": "802156626",
      "betCount": 1
    }
  ]
}
================================================================================
[2025-09-15T09:59:52.057Z] [INFO] [SPORT-SETTLE] Processing event 745429556 with 1 pending bets
================================================================================
[2025-09-15T09:59:52.141Z] [INFO] [SPORT-SETTLE] OTHER MARKETS: Trying Fancy API ONLY for event 745429556, market type: Period Winner
{
  "eventId": "745429556",
  "marketType": "Period Winner"
}
================================================================================
[2025-09-15T09:59:52.141Z] [INFO] [SPORT-SETTLE] Trying Fancy API for event 745429556, market type: Period Winner
{
  "eventId": "745429556",
  "marketType": "Period Winner",
  "apiType": "fancy"
}
================================================================================
[2025-09-15T09:59:52.141Z] [DEBUG] [SPORT-SETTLE] Fancy API URL: http://172.105.54.97:8085/api/new/fancyResultData?eventId=745429556
{
  "url": "http://172.105.54.97:8085/api/new/fancyResultData?eventId=745429556"
}
================================================================================
[2025-09-15T09:59:52.300Z] [ERROR] [SPORT-SETTLE] Fancy API failed for event 745429556
{
  "eventId": "745429556",
  "marketType": "Period Winner",
  "error": {
    "message": "Request failed with status code 401",
    "code": "ERR_BAD_REQUEST",
    "status": 401,
    "statusText": "Unauthorized"
  }
}
================================================================================
[2025-09-15T09:59:52.300Z] [ERROR] [SPORT-SETTLE] OTHER MARKETS: Fancy API failed for event 745429556, market type Period Winner - bet will remain pending (no fallback)
{
  "eventId": "745429556",
  "marketType": "Period Winner"
}
================================================================================
[2025-09-15T09:59:52.300Z] [INFO] [SPORT-SETTLE] Event 745429556 settlement completed
{
  "eventId": "745429556",
  "settledCount": 0,
  "errorCount": 1,
  "errors": [
    {
      "eventId": "745429556",
      "error": "No result data available for settlement - both APIs failed"
    }
  ]
}
================================================================================
[2025-09-15T09:59:52.300Z] [INFO] [SPORT-SETTLE] Processing event 778162788 with 4 pending bets
================================================================================
[2025-09-15T09:59:52.441Z] [INFO] [SPORT-SETTLE] MATCH_ODDS/BOOKMAKER: Trying Diamond API first for event 778162788
{
  "eventId": "778162788",
  "marketType": "MATCH_ODDS"
}
================================================================================
[2025-09-15T09:59:52.441Z] [INFO] [SPORT-SETTLE] Trying Diamond API for event 778162788, market type: MATCH_ODDS
{
  "eventId": "778162788",
  "marketType": "MATCH_ODDS",
  "apiType": "diamond"
}
================================================================================
[2025-09-15T09:59:52.441Z] [DEBUG] [SPORT-SETTLE] Diamond API URL: http://172.105.54.97:8085/api/v2/diamondResults?eventId=778162788
{
  "url": "http://172.105.54.97:8085/api/v2/diamondResults?eventId=778162788"
}
================================================================================
[2025-09-15T09:59:52.546Z] [ERROR] [SPORT-SETTLE] Diamond API failed for event 778162788
{
  "eventId": "778162788",
  "marketType": "MATCH_ODDS",
  "error": {
    "message": "Request failed with status code 401",
    "code": "ERR_BAD_REQUEST",
    "status": 401,
    "statusText": "Unauthorized"
  }
}
================================================================================
[2025-09-15T09:59:52.546Z] [WARN] [SPORT-SETTLE] MATCH_ODDS/BOOKMAKER: Diamond API failed for event 778162788, trying Fancy API fallback
{
  "eventId": "778162788",
  "marketType": "MATCH_ODDS"
}
================================================================================
[2025-09-15T09:59:52.546Z] [INFO] [SPORT-SETTLE] Trying Fancy API for event 778162788, market type: MATCH_ODDS
{
  "eventId": "778162788",
  "marketType": "MATCH_ODDS",
  "apiType": "fancy"
}
================================================================================
[2025-09-15T09:59:52.546Z] [DEBUG] [SPORT-SETTLE] Fancy API URL: http://172.105.54.97:8085/api/new/fancyResultData?eventId=778162788
{
  "url": "http://172.105.54.97:8085/api/new/fancyResultData?eventId=778162788"
}
================================================================================
[2025-09-15T09:59:52.648Z] [ERROR] [SPORT-SETTLE] Fancy API failed for event 778162788
{
  "eventId": "778162788",
  "marketType": "MATCH_ODDS",
  "error": {
    "message": "Request failed with status code 401",
    "code": "ERR_BAD_REQUEST",
    "status": 401,
    "statusText": "Unauthorized"
  }
}
================================================================================
[2025-09-15T09:59:52.648Z] [ERROR] [SPORT-SETTLE] MATCH_ODDS/BOOKMAKER: Both Diamond and Fancy APIs failed for event 778162788 - bet will remain pending
{
  "eventId": "778162788",
  "marketType": "MATCH_ODDS"
}
================================================================================
[2025-09-15T09:59:52.648Z] [INFO] [SPORT-SETTLE] OTHER MARKETS: Trying Fancy API ONLY for event 778162788, market type: Normal
{
  "eventId": "778162788",
  "marketType": "Normal"
}
================================================================================
[2025-09-15T09:59:52.648Z] [INFO] [SPORT-SETTLE] Trying Fancy API for event 778162788, market type: Normal
{
  "eventId": "778162788",
  "marketType": "Normal",
  "apiType": "fancy"
}
================================================================================
[2025-09-15T09:59:52.648Z] [DEBUG] [SPORT-SETTLE] Fancy API URL: http://172.105.54.97:8085/api/new/fancyResultData?eventId=778162788
{
  "url": "http://172.105.54.97:8085/api/new/fancyResultData?eventId=778162788"
}
================================================================================
[2025-09-15T09:59:52.743Z] [ERROR] [SPORT-SETTLE] Fancy API failed for event 778162788
{
  "eventId": "778162788",
  "marketType": "Normal",
  "error": {
    "message": "Request failed with status code 401",
    "code": "ERR_BAD_REQUEST",
    "status": 401,
    "statusText": "Unauthorized"
  }
}
================================================================================
[2025-09-15T09:59:52.743Z] [ERROR] [SPORT-SETTLE] OTHER MARKETS: Fancy API failed for event 778162788, market type Normal - bet will remain pending (no fallback)
{
  "eventId": "778162788",
  "marketType": "Normal"
}
================================================================================
[2025-09-15T09:59:52.743Z] [INFO] [SPORT-SETTLE] OTHER MARKETS: Trying Fancy API ONLY for event 778162788, market type: Odd/Even
{
  "eventId": "778162788",
  "marketType": "Odd/Even"
}
================================================================================
[2025-09-15T09:59:52.744Z] [INFO] [SPORT-SETTLE] Trying Fancy API for event 778162788, market type: Odd/Even
{
  "eventId": "778162788",
  "marketType": "Odd/Even",
  "apiType": "fancy"
}
================================================================================
[2025-09-15T09:59:52.744Z] [DEBUG] [SPORT-SETTLE] Fancy API URL: http://172.105.54.97:8085/api/new/fancyResultData?eventId=778162788
{
  "url": "http://172.105.54.97:8085/api/new/fancyResultData?eventId=778162788"
}
================================================================================
[2025-09-15T09:59:52.838Z] [ERROR] [SPORT-SETTLE] Fancy API failed for event 778162788
{
  "eventId": "778162788",
  "marketType": "Odd/Even",
  "error": {
    "message": "Request failed with status code 401",
    "code": "ERR_BAD_REQUEST",
    "status": 401,
    "statusText": "Unauthorized"
  }
}
================================================================================
[2025-09-15T09:59:52.838Z] [ERROR] [SPORT-SETTLE] OTHER MARKETS: Fancy API failed for event 778162788, market type Odd/Even - bet will remain pending (no fallback)
{
  "eventId": "778162788",
  "marketType": "Odd/Even"
}
================================================================================
[2025-09-15T09:59:52.838Z] [INFO] [SPORT-SETTLE] OTHER MARKETS: Trying Fancy API ONLY for event 778162788, market type: 1ST INN 10 OVER SUR VS NOT
{
  "eventId": "778162788",
  "marketType": "1ST INN 10 OVER SUR VS NOT"
}
================================================================================
[2025-09-15T09:59:52.838Z] [INFO] [SPORT-SETTLE] Trying Fancy API for event 778162788, market type: 1ST INN 10 OVER SUR VS NOT
{
  "eventId": "778162788",
  "marketType": "1ST INN 10 OVER SUR VS NOT",
  "apiType": "fancy"
}
================================================================================
[2025-09-15T09:59:52.838Z] [DEBUG] [SPORT-SETTLE] Fancy API URL: http://172.105.54.97:8085/api/new/fancyResultData?eventId=778162788
{
  "url": "http://172.105.54.97:8085/api/new/fancyResultData?eventId=778162788"
}
================================================================================
[2025-09-15T09:59:52.930Z] [ERROR] [SPORT-SETTLE] Fancy API failed for event 778162788
{
  "eventId": "778162788",
  "marketType": "1ST INN 10 OVER SUR VS NOT",
  "error": {
    "message": "Request failed with status code 401",
    "code": "ERR_BAD_REQUEST",
    "status": 401,
    "statusText": "Unauthorized"
  }
}
================================================================================
[2025-09-15T09:59:52.931Z] [ERROR] [SPORT-SETTLE] OTHER MARKETS: Fancy API failed for event 778162788, market type 1ST INN 10 OVER SUR VS NOT - bet will remain pending (no fallback)
{
  "eventId": "778162788",
  "marketType": "1ST INN 10 OVER SUR VS NOT"
}
================================================================================
[2025-09-15T09:59:52.931Z] [INFO] [SPORT-SETTLE] Event 778162788 settlement completed
{
  "eventId": "778162788",
  "settledCount": 0,
  "errorCount": 1,
  "errors": [
    {
      "eventId": "778162788",
      "error": "No result data available for settlement - both APIs failed"
    }
  ]
}
================================================================================
[2025-09-15T09:59:52.932Z] [INFO] [SPORT-SETTLE] Processing event 802156626 with 1 pending bets
================================================================================
[2025-09-15T09:59:53.017Z] [INFO] [SPORT-SETTLE] MATCH_ODDS/BOOKMAKER: Trying Diamond API first for event 802156626
{
  "eventId": "802156626",
  "marketType": "MATCH_ODDS"
}
================================================================================
[2025-09-15T09:59:53.017Z] [INFO] [SPORT-SETTLE] Trying Diamond API for event 802156626, market type: MATCH_ODDS
{
  "eventId": "802156626",
  "marketType": "MATCH_ODDS",
  "apiType": "diamond"
}
================================================================================
[2025-09-15T09:59:53.017Z] [DEBUG] [SPORT-SETTLE] Diamond API URL: http://172.105.54.97:8085/api/v2/diamondResults?eventId=802156626
{
  "url": "http://172.105.54.97:8085/api/v2/diamondResults?eventId=802156626"
}
================================================================================
[2025-09-15T09:59:53.093Z] [ERROR] [SPORT-SETTLE] Diamond API failed for event 802156626
{
  "eventId": "802156626",
  "marketType": "MATCH_ODDS",
  "error": {
    "message": "Request failed with status code 401",
    "code": "ERR_BAD_REQUEST",
    "status": 401,
    "statusText": "Unauthorized"
  }
}
================================================================================
[2025-09-15T09:59:53.093Z] [WARN] [SPORT-SETTLE] MATCH_ODDS/BOOKMAKER: Diamond API failed for event 802156626, trying Fancy API fallback
{
  "eventId": "802156626",
  "marketType": "MATCH_ODDS"
}
================================================================================
[2025-09-15T09:59:53.094Z] [INFO] [SPORT-SETTLE] Trying Fancy API for event 802156626, market type: MATCH_ODDS
{
  "eventId": "802156626",
  "marketType": "MATCH_ODDS",
  "apiType": "fancy"
}
================================================================================
[2025-09-15T09:59:53.094Z] [DEBUG] [SPORT-SETTLE] Fancy API URL: http://172.105.54.97:8085/api/new/fancyResultData?eventId=802156626
{
  "url": "http://172.105.54.97:8085/api/new/fancyResultData?eventId=802156626"
}
================================================================================
[2025-09-15T09:59:53.183Z] [ERROR] [SPORT-SETTLE] Fancy API failed for event 802156626
{
  "eventId": "802156626",
  "marketType": "MATCH_ODDS",
  "error": {
    "message": "Request failed with status code 401",
    "code": "ERR_BAD_REQUEST",
    "status": 401,
    "statusText": "Unauthorized"
  }
}
================================================================================
[2025-09-15T09:59:53.184Z] [ERROR] [SPORT-SETTLE] MATCH_ODDS/BOOKMAKER: Both Diamond and Fancy APIs failed for event 802156626 - bet will remain pending
{
  "eventId": "802156626",
  "marketType": "MATCH_ODDS"
}
================================================================================
[2025-09-15T09:59:53.184Z] [INFO] [SPORT-SETTLE] Event 802156626 settlement completed
{
  "eventId": "802156626",
  "settledCount": 0,
  "errorCount": 1,
  "errors": [
    {
      "eventId": "802156626",
      "error": "No result data available for settlement - both APIs failed"
    }
  ]
}
================================================================================
[2025-09-15T09:59:53.184Z] [INFO] [SPORT-SETTLE] Batch settlement completed
{
  "totalSettled": 0,
  "totalErrors": 3,
  "totalEvents": 3,
  "errors": [
    {
      "eventId": "745429556",
      "error": "No result data available for settlement - both APIs failed"
    },
    {
      "eventId": "778162788",
      "error": "No result data available for settlement - both APIs failed"
    },
    {
      "eventId": "802156626",
      "error": "No result data available for settlement - both APIs failed"
    }
  ]
}
================================================================================
[2025-09-15T10:01:27.321Z] [INFO] [SPORT-SETTLE] Starting batch settlement for 3 events
{
  "eventIds": [
    "745429556",
    "778162788",
    "802156626"
  ]
}
================================================================================
[2025-09-15T10:01:27.412Z] [INFO] [SPORT-SETTLE] Found 6 pending bets across 3 events
{
  "totalBets": 6,
  "totalEvents": 3,
  "eventIds": [
    "745429556",
    "778162788",
    "802156626"
  ]
}
================================================================================
[2025-09-15T10:01:27.412Z] [INFO] [SPORT-SETTLE] Grouped bets by event
{
  "eventsWithBets": 3,
  "betsPerEvent": [
    {
      "eventId": "745429556",
      "betCount": 1
    },
    {
      "eventId": "778162788",
      "betCount": 4
    },
    {
      "eventId": "802156626",
      "betCount": 1
    }
  ]
}
================================================================================
[2025-09-15T10:01:27.413Z] [INFO] [SPORT-SETTLE] Processing event 745429556 with 1 pending bets
================================================================================
[2025-09-15T10:01:27.489Z] [INFO] [SPORT-SETTLE] OTHER MARKETS: Trying Fancy API ONLY for event 745429556, market type: Period Winner
{
  "eventId": "745429556",
  "marketType": "Period Winner"
}
================================================================================
[2025-09-15T10:01:27.490Z] [INFO] [SPORT-SETTLE] Trying Fancy API for event 745429556, market type: Period Winner
{
  "eventId": "745429556",
  "marketType": "Period Winner",
  "apiType": "fancy"
}
================================================================================
[2025-09-15T10:01:27.490Z] [DEBUG] [SPORT-SETTLE] Fancy API URL: http://localhost:3000/api/new/fancyResultData?eventId=745429556
{
  "url": "http://localhost:3000/api/new/fancyResultData?eventId=745429556"
}
================================================================================
[2025-09-15T10:01:27.665Z] [INFO] [SPORT-SETTLE] Fancy API response received
{
  "eventId": "745429556",
  "status": 200,
  "dataLength": 0,
  "hasData": true
}
================================================================================
[2025-09-15T10:01:27.666Z] [DEBUG] [SPORT-SETTLE] FANCY API response data
{
  "eventId": "745429556",
  "responseData": []
}
================================================================================
[2025-09-15T10:01:27.666Z] [WARN] [SPORT-SETTLE] FANCY API returned empty data for event 745429556
{
  "eventId": "745429556",
  "apiUsed": "fancy"
}
================================================================================
[2025-09-15T10:01:27.666Z] [ERROR] [SPORT-SETTLE] OTHER MARKETS: Fancy API failed for event 745429556, market type Period Winner - bet will remain pending (no fallback)
{
  "eventId": "745429556",
  "marketType": "Period Winner"
}
================================================================================
[2025-09-15T10:01:27.667Z] [INFO] [SPORT-SETTLE] Event 745429556 settlement completed
{
  "eventId": "745429556",
  "settledCount": 0,
  "errorCount": 1,
  "errors": [
    {
      "eventId": "745429556",
      "error": "No result data available for settlement - both APIs failed"
    }
  ]
}
================================================================================
[2025-09-15T10:01:27.667Z] [INFO] [SPORT-SETTLE] Processing event 778162788 with 4 pending bets
================================================================================
[2025-09-15T10:01:27.740Z] [INFO] [SPORT-SETTLE] MATCH_ODDS/BOOKMAKER: Trying Diamond API first for event 778162788
{
  "eventId": "778162788",
  "marketType": "MATCH_ODDS"
}
================================================================================
[2025-09-15T10:01:27.740Z] [INFO] [SPORT-SETTLE] Trying Diamond API for event 778162788, market type: MATCH_ODDS
{
  "eventId": "778162788",
  "marketType": "MATCH_ODDS",
  "apiType": "diamond"
}
================================================================================
[2025-09-15T10:01:27.741Z] [DEBUG] [SPORT-SETTLE] Diamond API URL: http://localhost:3000/api/v2/diamondResults?eventId=778162788
{
  "url": "http://localhost:3000/api/v2/diamondResults?eventId=778162788"
}
================================================================================
[2025-09-15T10:01:30.183Z] [ERROR] [SPORT-SETTLE] Diamond API failed for event 778162788
{
  "eventId": "778162788",
  "marketType": "MATCH_ODDS",
  "error": {
    "message": "Request failed with status code 500",
    "code": "ERR_BAD_RESPONSE",
    "status": 500,
    "statusText": "Internal Server Error"
  }
}
================================================================================
[2025-09-15T10:01:30.183Z] [WARN] [SPORT-SETTLE] MATCH_ODDS/BOOKMAKER: Diamond API failed for event 778162788, trying Fancy API fallback
{
  "eventId": "778162788",
  "marketType": "MATCH_ODDS"
}
================================================================================
[2025-09-15T10:01:30.183Z] [INFO] [SPORT-SETTLE] Trying Fancy API for event 778162788, market type: MATCH_ODDS
{
  "eventId": "778162788",
  "marketType": "MATCH_ODDS",
  "apiType": "fancy"
}
================================================================================
[2025-09-15T10:01:30.183Z] [DEBUG] [SPORT-SETTLE] Fancy API URL: http://localhost:3000/api/new/fancyResultData?eventId=778162788
{
  "url": "http://localhost:3000/api/new/fancyResultData?eventId=778162788"
}
================================================================================
[2025-09-15T10:01:30.281Z] [INFO] [SPORT-SETTLE] Fancy API response received
{
  "eventId": "778162788",
  "status": 200,
  "dataLength": 0,
  "hasData": true
}
================================================================================
[2025-09-15T10:01:30.281Z] [DEBUG] [SPORT-SETTLE] FANCY API response data
{
  "eventId": "778162788",
  "responseData": []
}
================================================================================
[2025-09-15T10:01:30.281Z] [WARN] [SPORT-SETTLE] FANCY API returned empty data for event 778162788
{
  "eventId": "778162788",
  "apiUsed": "fancy"
}
================================================================================
[2025-09-15T10:01:30.281Z] [ERROR] [SPORT-SETTLE] MATCH_ODDS/BOOKMAKER: Both Diamond and Fancy APIs failed for event 778162788 - bet will remain pending
{
  "eventId": "778162788",
  "marketType": "MATCH_ODDS"
}
================================================================================
[2025-09-15T10:01:30.281Z] [INFO] [SPORT-SETTLE] OTHER MARKETS: Trying Fancy API ONLY for event 778162788, market type: Normal
{
  "eventId": "778162788",
  "marketType": "Normal"
}
================================================================================
[2025-09-15T10:01:30.281Z] [INFO] [SPORT-SETTLE] Trying Fancy API for event 778162788, market type: Normal
{
  "eventId": "778162788",
  "marketType": "Normal",
  "apiType": "fancy"
}
================================================================================
[2025-09-15T10:01:30.282Z] [DEBUG] [SPORT-SETTLE] Fancy API URL: http://localhost:3000/api/new/fancyResultData?eventId=778162788
{
  "url": "http://localhost:3000/api/new/fancyResultData?eventId=778162788"
}
================================================================================
[2025-09-15T10:01:30.388Z] [INFO] [SPORT-SETTLE] Fancy API response received
{
  "eventId": "778162788",
  "status": 200,
  "dataLength": 0,
  "hasData": true
}
================================================================================
[2025-09-15T10:01:30.406Z] [DEBUG] [SPORT-SETTLE] FANCY API response data
{
  "eventId": "778162788",
  "responseData": []
}
================================================================================
[2025-09-15T10:01:30.406Z] [WARN] [SPORT-SETTLE] FANCY API returned empty data for event 778162788
{
  "eventId": "778162788",
  "apiUsed": "fancy"
}
================================================================================
[2025-09-15T10:01:30.406Z] [ERROR] [SPORT-SETTLE] OTHER MARKETS: Fancy API failed for event 778162788, market type Normal - bet will remain pending (no fallback)
{
  "eventId": "778162788",
  "marketType": "Normal"
}
================================================================================
[2025-09-15T10:01:30.406Z] [INFO] [SPORT-SETTLE] OTHER MARKETS: Trying Fancy API ONLY for event 778162788, market type: Odd/Even
{
  "eventId": "778162788",
  "marketType": "Odd/Even"
}
================================================================================
[2025-09-15T10:01:30.406Z] [INFO] [SPORT-SETTLE] Trying Fancy API for event 778162788, market type: Odd/Even
{
  "eventId": "778162788",
  "marketType": "Odd/Even",
  "apiType": "fancy"
}
================================================================================
[2025-09-15T10:01:30.406Z] [DEBUG] [SPORT-SETTLE] Fancy API URL: http://localhost:3000/api/new/fancyResultData?eventId=778162788
{
  "url": "http://localhost:3000/api/new/fancyResultData?eventId=778162788"
}
================================================================================
[2025-09-15T10:01:30.502Z] [INFO] [SPORT-SETTLE] Fancy API response received
{
  "eventId": "778162788",
  "status": 200,
  "dataLength": 0,
  "hasData": true
}
================================================================================
[2025-09-15T10:01:30.502Z] [DEBUG] [SPORT-SETTLE] FANCY API response data
{
  "eventId": "778162788",
  "responseData": []
}
================================================================================
[2025-09-15T10:01:30.502Z] [WARN] [SPORT-SETTLE] FANCY API returned empty data for event 778162788
{
  "eventId": "778162788",
  "apiUsed": "fancy"
}
================================================================================
[2025-09-15T10:01:30.502Z] [ERROR] [SPORT-SETTLE] OTHER MARKETS: Fancy API failed for event 778162788, market type Odd/Even - bet will remain pending (no fallback)
{
  "eventId": "778162788",
  "marketType": "Odd/Even"
}
================================================================================
[2025-09-15T10:01:30.502Z] [INFO] [SPORT-SETTLE] OTHER MARKETS: Trying Fancy API ONLY for event 778162788, market type: 1ST INN 10 OVER SUR VS NOT
{
  "eventId": "778162788",
  "marketType": "1ST INN 10 OVER SUR VS NOT"
}
================================================================================
[2025-09-15T10:01:30.503Z] [INFO] [SPORT-SETTLE] Trying Fancy API for event 778162788, market type: 1ST INN 10 OVER SUR VS NOT
{
  "eventId": "778162788",
  "marketType": "1ST INN 10 OVER SUR VS NOT",
  "apiType": "fancy"
}
================================================================================
[2025-09-15T10:01:30.503Z] [DEBUG] [SPORT-SETTLE] Fancy API URL: http://localhost:3000/api/new/fancyResultData?eventId=778162788
{
  "url": "http://localhost:3000/api/new/fancyResultData?eventId=778162788"
}
================================================================================
[2025-09-15T10:01:30.611Z] [INFO] [SPORT-SETTLE] Fancy API response received
{
  "eventId": "778162788",
  "status": 200,
  "dataLength": 0,
  "hasData": true
}
================================================================================
[2025-09-15T10:01:30.611Z] [DEBUG] [SPORT-SETTLE] FANCY API response data
{
  "eventId": "778162788",
  "responseData": []
}
================================================================================
[2025-09-15T10:01:30.611Z] [WARN] [SPORT-SETTLE] FANCY API returned empty data for event 778162788
{
  "eventId": "778162788",
  "apiUsed": "fancy"
}
================================================================================
[2025-09-15T10:01:30.611Z] [ERROR] [SPORT-SETTLE] OTHER MARKETS: Fancy API failed for event 778162788, market type 1ST INN 10 OVER SUR VS NOT - bet will remain pending (no fallback)
{
  "eventId": "778162788",
  "marketType": "1ST INN 10 OVER SUR VS NOT"
}
================================================================================
[2025-09-15T10:01:30.611Z] [INFO] [SPORT-SETTLE] Event 778162788 settlement completed
{
  "eventId": "778162788",
  "settledCount": 0,
  "errorCount": 1,
  "errors": [
    {
      "eventId": "778162788",
      "error": "No result data available for settlement - both APIs failed"
    }
  ]
}
================================================================================
[2025-09-15T10:01:30.611Z] [INFO] [SPORT-SETTLE] Processing event 802156626 with 1 pending bets
================================================================================
[2025-09-15T10:01:30.681Z] [INFO] [SPORT-SETTLE] MATCH_ODDS/BOOKMAKER: Trying Diamond API first for event 802156626
{
  "eventId": "802156626",
  "marketType": "MATCH_ODDS"
}
================================================================================
[2025-09-15T10:01:30.681Z] [INFO] [SPORT-SETTLE] Trying Diamond API for event 802156626, market type: MATCH_ODDS
{
  "eventId": "802156626",
  "marketType": "MATCH_ODDS",
  "apiType": "diamond"
}
================================================================================
[2025-09-15T10:01:30.681Z] [DEBUG] [SPORT-SETTLE] Diamond API URL: http://localhost:3000/api/v2/diamondResults?eventId=802156626
{
  "url": "http://localhost:3000/api/v2/diamondResults?eventId=802156626"
}
================================================================================
[2025-09-15T10:01:31.291Z] [ERROR] [SPORT-SETTLE] Diamond API failed for event 802156626
{
  "eventId": "802156626",
  "marketType": "MATCH_ODDS",
  "error": {
    "message": "Request failed with status code 500",
    "code": "ERR_BAD_RESPONSE",
    "status": 500,
    "statusText": "Internal Server Error"
  }
}
================================================================================
[2025-09-15T10:01:31.291Z] [WARN] [SPORT-SETTLE] MATCH_ODDS/BOOKMAKER: Diamond API failed for event 802156626, trying Fancy API fallback
{
  "eventId": "802156626",
  "marketType": "MATCH_ODDS"
}
================================================================================
[2025-09-15T10:01:31.291Z] [INFO] [SPORT-SETTLE] Trying Fancy API for event 802156626, market type: MATCH_ODDS
{
  "eventId": "802156626",
  "marketType": "MATCH_ODDS",
  "apiType": "fancy"
}
================================================================================
[2025-09-15T10:01:31.291Z] [DEBUG] [SPORT-SETTLE] Fancy API URL: http://localhost:3000/api/new/fancyResultData?eventId=802156626
{
  "url": "http://localhost:3000/api/new/fancyResultData?eventId=802156626"
}
================================================================================
[2025-09-15T10:01:31.381Z] [INFO] [SPORT-SETTLE] Fancy API response received
{
  "eventId": "802156626",
  "status": 200,
  "dataLength": 0,
  "hasData": true
}
================================================================================
[2025-09-15T10:01:31.381Z] [DEBUG] [SPORT-SETTLE] FANCY API response data
{
  "eventId": "802156626",
  "responseData": []
}
================================================================================
[2025-09-15T10:01:31.381Z] [WARN] [SPORT-SETTLE] FANCY API returned empty data for event 802156626
{
  "eventId": "802156626",
  "apiUsed": "fancy"
}
================================================================================
[2025-09-15T10:01:31.381Z] [ERROR] [SPORT-SETTLE] MATCH_ODDS/BOOKMAKER: Both Diamond and Fancy APIs failed for event 802156626 - bet will remain pending
{
  "eventId": "802156626",
  "marketType": "MATCH_ODDS"
}
================================================================================
[2025-09-15T10:01:31.382Z] [INFO] [SPORT-SETTLE] Event 802156626 settlement completed
{
  "eventId": "802156626",
  "settledCount": 0,
  "errorCount": 1,
  "errors": [
    {
      "eventId": "802156626",
      "error": "No result data available for settlement - both APIs failed"
    }
  ]
}
================================================================================
[2025-09-15T10:01:31.382Z] [INFO] [SPORT-SETTLE] Batch settlement completed
{
  "totalSettled": 0,
  "totalErrors": 3,
  "totalEvents": 3,
  "errors": [
    {
      "eventId": "745429556",
      "error": "No result data available for settlement - both APIs failed"
    },
    {
      "eventId": "778162788",
      "error": "No result data available for settlement - both APIs failed"
    },
    {
      "eventId": "802156626",
      "error": "No result data available for settlement - both APIs failed"
    }
  ]
}
================================================================================
[2025-09-15T10:02:27.352Z] [INFO] [SPORT-SETTLE] Starting batch settlement for 3 events
{
  "eventIds": [
    "745429556",
    "778162788",
    "802156626"
  ]
}
================================================================================
[2025-09-15T10:02:27.439Z] [INFO] [SPORT-SETTLE] Found 6 pending bets across 3 events
{
  "totalBets": 6,
  "totalEvents": 3,
  "eventIds": [
    "745429556",
    "778162788",
    "802156626"
  ]
}
================================================================================
[2025-09-15T10:02:27.439Z] [INFO] [SPORT-SETTLE] Grouped bets by event
{
  "eventsWithBets": 3,
  "betsPerEvent": [
    {
      "eventId": "745429556",
      "betCount": 1
    },
    {
      "eventId": "778162788",
      "betCount": 4
    },
    {
      "eventId": "802156626",
      "betCount": 1
    }
  ]
}
================================================================================
[2025-09-15T10:02:27.439Z] [INFO] [SPORT-SETTLE] Processing event 745429556 with 1 pending bets
================================================================================
[2025-09-15T10:02:27.537Z] [INFO] [SPORT-SETTLE] OTHER MARKETS: Trying Fancy API ONLY for event 745429556, market type: Period Winner
{
  "eventId": "745429556",
  "marketType": "Period Winner"
}
================================================================================
[2025-09-15T10:02:27.537Z] [INFO] [SPORT-SETTLE] Trying Fancy API for event 745429556, market type: Period Winner
{
  "eventId": "745429556",
  "marketType": "Period Winner",
  "apiType": "fancy"
}
================================================================================
[2025-09-15T10:02:27.538Z] [DEBUG] [SPORT-SETTLE] Fancy API URL: http://localhost:3000/api/new/fancyResultData?eventId=745429556
{
  "url": "http://localhost:3000/api/new/fancyResultData?eventId=745429556"
}
================================================================================
[2025-09-15T10:02:27.770Z] [INFO] [SPORT-SETTLE] Fancy API response received
{
  "eventId": "745429556",
  "status": 200,
  "dataLength": 0,
  "hasData": true
}
================================================================================
[2025-09-15T10:02:27.771Z] [DEBUG] [SPORT-SETTLE] FANCY API response data
{
  "eventId": "745429556",
  "responseData": []
}
================================================================================
[2025-09-15T10:02:27.771Z] [WARN] [SPORT-SETTLE] FANCY API returned empty data for event 745429556
{
  "eventId": "745429556",
  "apiUsed": "fancy"
}
================================================================================
[2025-09-15T10:02:27.771Z] [ERROR] [SPORT-SETTLE] OTHER MARKETS: Fancy API failed for event 745429556, market type Period Winner - bet will remain pending (no fallback)
{
  "eventId": "745429556",
  "marketType": "Period Winner"
}
================================================================================
[2025-09-15T10:02:27.771Z] [INFO] [SPORT-SETTLE] Event 745429556 settlement completed
{
  "eventId": "745429556",
  "settledCount": 0,
  "errorCount": 1,
  "errors": [
    {
      "eventId": "745429556",
      "error": "No result data available for settlement - both APIs failed"
    }
  ]
}
================================================================================
[2025-09-15T10:02:27.771Z] [INFO] [SPORT-SETTLE] Processing event 778162788 with 4 pending bets
================================================================================
[2025-09-15T10:02:27.839Z] [INFO] [SPORT-SETTLE] MATCH_ODDS/BOOKMAKER: Trying Diamond API first for event 778162788
{
  "eventId": "778162788",
  "marketType": "MATCH_ODDS"
}
================================================================================
[2025-09-15T10:02:27.839Z] [INFO] [SPORT-SETTLE] Trying Diamond API for event 778162788, market type: MATCH_ODDS
{
  "eventId": "778162788",
  "marketType": "MATCH_ODDS",
  "apiType": "diamond"
}
================================================================================
[2025-09-15T10:02:27.839Z] [DEBUG] [SPORT-SETTLE] Diamond API URL: http://localhost:3000/api/v2/diamondResults?eventId=778162788
{
  "url": "http://localhost:3000/api/v2/diamondResults?eventId=778162788"
}
================================================================================
[2025-09-15T10:02:30.285Z] [ERROR] [SPORT-SETTLE] Diamond API failed for event 778162788
{
  "eventId": "778162788",
  "marketType": "MATCH_ODDS",
  "error": {
    "message": "Request failed with status code 500",
    "code": "ERR_BAD_RESPONSE",
    "status": 500,
    "statusText": "Internal Server Error"
  }
}
================================================================================
[2025-09-15T10:02:30.285Z] [WARN] [SPORT-SETTLE] MATCH_ODDS/BOOKMAKER: Diamond API failed for event 778162788, trying Fancy API fallback
{
  "eventId": "778162788",
  "marketType": "MATCH_ODDS"
}
================================================================================
[2025-09-15T10:02:30.285Z] [INFO] [SPORT-SETTLE] Trying Fancy API for event 778162788, market type: MATCH_ODDS
{
  "eventId": "778162788",
  "marketType": "MATCH_ODDS",
  "apiType": "fancy"
}
================================================================================
[2025-09-15T10:02:30.286Z] [DEBUG] [SPORT-SETTLE] Fancy API URL: http://localhost:3000/api/new/fancyResultData?eventId=778162788
{
  "url": "http://localhost:3000/api/new/fancyResultData?eventId=778162788"
}
================================================================================
[2025-09-15T10:02:30.371Z] [INFO] [SPORT-SETTLE] Fancy API response received
{
  "eventId": "778162788",
  "status": 200,
  "dataLength": 0,
  "hasData": true
}
================================================================================
[2025-09-15T10:02:30.372Z] [DEBUG] [SPORT-SETTLE] FANCY API response data
{
  "eventId": "778162788",
  "responseData": []
}
================================================================================
[2025-09-15T10:02:30.372Z] [WARN] [SPORT-SETTLE] FANCY API returned empty data for event 778162788
{
  "eventId": "778162788",
  "apiUsed": "fancy"
}
================================================================================
[2025-09-15T10:02:30.372Z] [ERROR] [SPORT-SETTLE] MATCH_ODDS/BOOKMAKER: Both Diamond and Fancy APIs failed for event 778162788 - bet will remain pending
{
  "eventId": "778162788",
  "marketType": "MATCH_ODDS"
}
================================================================================
[2025-09-15T10:02:30.372Z] [INFO] [SPORT-SETTLE] OTHER MARKETS: Trying Fancy API ONLY for event 778162788, market type: Normal
{
  "eventId": "778162788",
  "marketType": "Normal"
}
================================================================================
[2025-09-15T10:02:30.372Z] [INFO] [SPORT-SETTLE] Trying Fancy API for event 778162788, market type: Normal
{
  "eventId": "778162788",
  "marketType": "Normal",
  "apiType": "fancy"
}
================================================================================
[2025-09-15T10:02:30.372Z] [DEBUG] [SPORT-SETTLE] Fancy API URL: http://localhost:3000/api/new/fancyResultData?eventId=778162788
{
  "url": "http://localhost:3000/api/new/fancyResultData?eventId=778162788"
}
================================================================================
[2025-09-15T10:02:30.470Z] [INFO] [SPORT-SETTLE] Fancy API response received
{
  "eventId": "778162788",
  "status": 200,
  "dataLength": 0,
  "hasData": true
}
================================================================================
[2025-09-15T10:02:30.471Z] [DEBUG] [SPORT-SETTLE] FANCY API response data
{
  "eventId": "778162788",
  "responseData": []
}
================================================================================
[2025-09-15T10:02:30.471Z] [WARN] [SPORT-SETTLE] FANCY API returned empty data for event 778162788
{
  "eventId": "778162788",
  "apiUsed": "fancy"
}
================================================================================
[2025-09-15T10:02:30.471Z] [ERROR] [SPORT-SETTLE] OTHER MARKETS: Fancy API failed for event 778162788, market type Normal - bet will remain pending (no fallback)
{
  "eventId": "778162788",
  "marketType": "Normal"
}
================================================================================
[2025-09-15T10:02:30.471Z] [INFO] [SPORT-SETTLE] OTHER MARKETS: Trying Fancy API ONLY for event 778162788, market type: Odd/Even
{
  "eventId": "778162788",
  "marketType": "Odd/Even"
}
================================================================================
[2025-09-15T10:02:30.471Z] [INFO] [SPORT-SETTLE] Trying Fancy API for event 778162788, market type: Odd/Even
{
  "eventId": "778162788",
  "marketType": "Odd/Even",
  "apiType": "fancy"
}
================================================================================
[2025-09-15T10:02:30.471Z] [DEBUG] [SPORT-SETTLE] Fancy API URL: http://localhost:3000/api/new/fancyResultData?eventId=778162788
{
  "url": "http://localhost:3000/api/new/fancyResultData?eventId=778162788"
}
================================================================================
[2025-09-15T10:02:30.567Z] [INFO] [SPORT-SETTLE] Fancy API response received
{
  "eventId": "778162788",
  "status": 200,
  "dataLength": 0,
  "hasData": true
}
================================================================================
[2025-09-15T10:02:30.568Z] [DEBUG] [SPORT-SETTLE] FANCY API response data
{
  "eventId": "778162788",
  "responseData": []
}
================================================================================
[2025-09-15T10:02:30.568Z] [WARN] [SPORT-SETTLE] FANCY API returned empty data for event 778162788
{
  "eventId": "778162788",
  "apiUsed": "fancy"
}
================================================================================
[2025-09-15T10:02:30.568Z] [ERROR] [SPORT-SETTLE] OTHER MARKETS: Fancy API failed for event 778162788, market type Odd/Even - bet will remain pending (no fallback)
{
  "eventId": "778162788",
  "marketType": "Odd/Even"
}
================================================================================
[2025-09-15T10:02:30.568Z] [INFO] [SPORT-SETTLE] OTHER MARKETS: Trying Fancy API ONLY for event 778162788, market type: 1ST INN 10 OVER SUR VS NOT
{
  "eventId": "778162788",
  "marketType": "1ST INN 10 OVER SUR VS NOT"
}
================================================================================
[2025-09-15T10:02:30.568Z] [INFO] [SPORT-SETTLE] Trying Fancy API for event 778162788, market type: 1ST INN 10 OVER SUR VS NOT
{
  "eventId": "778162788",
  "marketType": "1ST INN 10 OVER SUR VS NOT",
  "apiType": "fancy"
}
================================================================================
[2025-09-15T10:02:30.568Z] [DEBUG] [SPORT-SETTLE] Fancy API URL: http://localhost:3000/api/new/fancyResultData?eventId=778162788
{
  "url": "http://localhost:3000/api/new/fancyResultData?eventId=778162788"
}
================================================================================
[2025-09-15T10:02:30.668Z] [INFO] [SPORT-SETTLE] Fancy API response received
{
  "eventId": "778162788",
  "status": 200,
  "dataLength": 0,
  "hasData": true
}
================================================================================
[2025-09-15T10:02:30.669Z] [DEBUG] [SPORT-SETTLE] FANCY API response data
{
  "eventId": "778162788",
  "responseData": []
}
================================================================================
[2025-09-15T10:02:30.669Z] [WARN] [SPORT-SETTLE] FANCY API returned empty data for event 778162788
{
  "eventId": "778162788",
  "apiUsed": "fancy"
}
================================================================================
[2025-09-15T10:02:30.669Z] [ERROR] [SPORT-SETTLE] OTHER MARKETS: Fancy API failed for event 778162788, market type 1ST INN 10 OVER SUR VS NOT - bet will remain pending (no fallback)
{
  "eventId": "778162788",
  "marketType": "1ST INN 10 OVER SUR VS NOT"
}
================================================================================
[2025-09-15T10:02:30.669Z] [INFO] [SPORT-SETTLE] Event 778162788 settlement completed
{
  "eventId": "778162788",
  "settledCount": 0,
  "errorCount": 1,
  "errors": [
    {
      "eventId": "778162788",
      "error": "No result data available for settlement - both APIs failed"
    }
  ]
}
================================================================================
[2025-09-15T10:02:30.669Z] [INFO] [SPORT-SETTLE] Processing event 802156626 with 1 pending bets
================================================================================
[2025-09-15T10:02:30.749Z] [INFO] [SPORT-SETTLE] MATCH_ODDS/BOOKMAKER: Trying Diamond API first for event 802156626
{
  "eventId": "802156626",
  "marketType": "MATCH_ODDS"
}
================================================================================
[2025-09-15T10:02:30.749Z] [INFO] [SPORT-SETTLE] Trying Diamond API for event 802156626, market type: MATCH_ODDS
{
  "eventId": "802156626",
  "marketType": "MATCH_ODDS",
  "apiType": "diamond"
}
================================================================================
[2025-09-15T10:02:30.749Z] [DEBUG] [SPORT-SETTLE] Diamond API URL: http://localhost:3000/api/v2/diamondResults?eventId=802156626
{
  "url": "http://localhost:3000/api/v2/diamondResults?eventId=802156626"
}
================================================================================
[2025-09-15T10:02:30.931Z] [ERROR] [SPORT-SETTLE] Diamond API failed for event 802156626
{
  "eventId": "802156626",
  "marketType": "MATCH_ODDS",
  "error": {
    "message": "Request failed with status code 500",
    "code": "ERR_BAD_RESPONSE",
    "status": 500,
    "statusText": "Internal Server Error"
  }
}
================================================================================
[2025-09-15T10:02:30.931Z] [WARN] [SPORT-SETTLE] MATCH_ODDS/BOOKMAKER: Diamond API failed for event 802156626, trying Fancy API fallback
{
  "eventId": "802156626",
  "marketType": "MATCH_ODDS"
}
================================================================================
[2025-09-15T10:02:30.931Z] [INFO] [SPORT-SETTLE] Trying Fancy API for event 802156626, market type: MATCH_ODDS
{
  "eventId": "802156626",
  "marketType": "MATCH_ODDS",
  "apiType": "fancy"
}
================================================================================
[2025-09-15T10:02:30.931Z] [DEBUG] [SPORT-SETTLE] Fancy API URL: http://localhost:3000/api/new/fancyResultData?eventId=802156626
{
  "url": "http://localhost:3000/api/new/fancyResultData?eventId=802156626"
}
================================================================================
[2025-09-15T10:02:31.020Z] [INFO] [SPORT-SETTLE] Fancy API response received
{
  "eventId": "802156626",
  "status": 200,
  "dataLength": 0,
  "hasData": true
}
================================================================================
[2025-09-15T10:02:31.020Z] [DEBUG] [SPORT-SETTLE] FANCY API response data
{
  "eventId": "802156626",
  "responseData": []
}
================================================================================
[2025-09-15T10:02:31.020Z] [WARN] [SPORT-SETTLE] FANCY API returned empty data for event 802156626
{
  "eventId": "802156626",
  "apiUsed": "fancy"
}
================================================================================
[2025-09-15T10:02:31.020Z] [ERROR] [SPORT-SETTLE] MATCH_ODDS/BOOKMAKER: Both Diamond and Fancy APIs failed for event 802156626 - bet will remain pending
{
  "eventId": "802156626",
  "marketType": "MATCH_ODDS"
}
================================================================================
[2025-09-15T10:02:31.020Z] [INFO] [SPORT-SETTLE] Event 802156626 settlement completed
{
  "eventId": "802156626",
  "settledCount": 0,
  "errorCount": 1,
  "errors": [
    {
      "eventId": "802156626",
      "error": "No result data available for settlement - both APIs failed"
    }
  ]
}
================================================================================
[2025-09-15T10:02:31.020Z] [INFO] [SPORT-SETTLE] Batch settlement completed
{
  "totalSettled": 0,
  "totalErrors": 3,
  "totalEvents": 3,
  "errors": [
    {
      "eventId": "745429556",
      "error": "No result data available for settlement - both APIs failed"
    },
    {
      "eventId": "778162788",
      "error": "No result data available for settlement - both APIs failed"
    },
    {
      "eventId": "802156626",
      "error": "No result data available for settlement - both APIs failed"
    }
  ]
}
================================================================================
[2025-09-15T10:05:00.029Z] [INFO] [SPORT-SETTLE] Starting batch settlement for 3 events
{
  "eventIds": [
    "745429556",
    "778162788",
    "802156626"
  ]
}
================================================================================
[2025-09-15T10:05:00.108Z] [INFO] [SPORT-SETTLE] Found 6 pending bets across 3 events
{
  "totalBets": 6,
  "totalEvents": 3,
  "eventIds": [
    "745429556",
    "778162788",
    "802156626"
  ]
}
================================================================================
[2025-09-15T10:05:00.108Z] [INFO] [SPORT-SETTLE] Grouped bets by event
{
  "eventsWithBets": 3,
  "betsPerEvent": [
    {
      "eventId": "745429556",
      "betCount": 1
    },
    {
      "eventId": "778162788",
      "betCount": 4
    },
    {
      "eventId": "802156626",
      "betCount": 1
    }
  ]
}
================================================================================
[2025-09-15T10:05:00.109Z] [INFO] [SPORT-SETTLE] Processing event 745429556 with 1 pending bets
================================================================================
[2025-09-15T10:05:00.193Z] [INFO] [SPORT-SETTLE] OTHER MARKETS: Trying Fancy API ONLY for event 745429556, market type: Period Winner
{
  "eventId": "745429556",
  "marketType": "Period Winner"
}
================================================================================
[2025-09-15T10:05:00.193Z] [INFO] [SPORT-SETTLE] Trying Fancy API for event 745429556, market type: Period Winner
{
  "eventId": "745429556",
  "marketType": "Period Winner",
  "apiType": "fancy"
}
================================================================================
[2025-09-15T10:05:00.194Z] [DEBUG] [SPORT-SETTLE] Fancy API URL: http://localhost:3000/api/new/fancyResultData?eventId=745429556
{
  "url": "http://localhost:3000/api/new/fancyResultData?eventId=745429556"
}
================================================================================
[2025-09-15T10:05:00.362Z] [INFO] [SPORT-SETTLE] Fancy API response received
{
  "eventId": "745429556",
  "status": 200,
  "dataLength": 0,
  "hasData": true
}
================================================================================
[2025-09-15T10:05:00.363Z] [DEBUG] [SPORT-SETTLE] FANCY API response data
{
  "eventId": "745429556",
  "responseData": []
}
================================================================================
[2025-09-15T10:05:00.363Z] [WARN] [SPORT-SETTLE] FANCY API returned empty data for event 745429556
{
  "eventId": "745429556",
  "apiUsed": "fancy"
}
================================================================================
[2025-09-15T10:05:00.363Z] [ERROR] [SPORT-SETTLE] OTHER MARKETS: Fancy API failed for event 745429556, market type Period Winner - bet will remain pending (no fallback)
{
  "eventId": "745429556",
  "marketType": "Period Winner"
}
================================================================================
[2025-09-15T10:05:00.363Z] [INFO] [SPORT-SETTLE] Event 745429556 settlement completed
{
  "eventId": "745429556",
  "settledCount": 0,
  "errorCount": 1,
  "errors": [
    {
      "eventId": "745429556",
      "error": "No result data available for settlement - both APIs failed"
    }
  ]
}
================================================================================
[2025-09-15T10:05:00.363Z] [INFO] [SPORT-SETTLE] Processing event 778162788 with 4 pending bets
================================================================================
[2025-09-15T10:05:00.440Z] [INFO] [SPORT-SETTLE] MATCH_ODDS/BOOKMAKER: Trying Diamond API first for event 778162788
{
  "eventId": "778162788",
  "marketType": "MATCH_ODDS"
}
================================================================================
[2025-09-15T10:05:00.441Z] [INFO] [SPORT-SETTLE] Trying Diamond API for event 778162788, market type: MATCH_ODDS
{
  "eventId": "778162788",
  "marketType": "MATCH_ODDS",
  "apiType": "diamond"
}
================================================================================
[2025-09-15T10:05:00.441Z] [DEBUG] [SPORT-SETTLE] Diamond API URL: http://localhost:3000/api/v2/diamondResults?eventId=778162788
{
  "url": "http://localhost:3000/api/v2/diamondResults?eventId=778162788"
}
================================================================================
[2025-09-15T10:05:02.873Z] [ERROR] [SPORT-SETTLE] Diamond API failed for event 778162788
{
  "eventId": "778162788",
  "marketType": "MATCH_ODDS",
  "error": {
    "message": "Request failed with status code 500",
    "code": "ERR_BAD_RESPONSE",
    "status": 500,
    "statusText": "Internal Server Error"
  }
}
================================================================================
[2025-09-15T10:05:02.874Z] [WARN] [SPORT-SETTLE] MATCH_ODDS/BOOKMAKER: Diamond API failed for event 778162788, trying Fancy API fallback
{
  "eventId": "778162788",
  "marketType": "MATCH_ODDS"
}
================================================================================
[2025-09-15T10:05:02.874Z] [INFO] [SPORT-SETTLE] Trying Fancy API for event 778162788, market type: MATCH_ODDS
{
  "eventId": "778162788",
  "marketType": "MATCH_ODDS",
  "apiType": "fancy"
}
================================================================================
[2025-09-15T10:05:02.874Z] [DEBUG] [SPORT-SETTLE] Fancy API URL: http://localhost:3000/api/new/fancyResultData?eventId=778162788
{
  "url": "http://localhost:3000/api/new/fancyResultData?eventId=778162788"
}
================================================================================
[2025-09-15T10:05:02.967Z] [INFO] [SPORT-SETTLE] Fancy API response received
{
  "eventId": "778162788",
  "status": 200,
  "dataLength": 0,
  "hasData": true
}
================================================================================
[2025-09-15T10:05:02.967Z] [DEBUG] [SPORT-SETTLE] FANCY API response data
{
  "eventId": "778162788",
  "responseData": []
}
================================================================================
[2025-09-15T10:05:02.967Z] [WARN] [SPORT-SETTLE] FANCY API returned empty data for event 778162788
{
  "eventId": "778162788",
  "apiUsed": "fancy"
}
================================================================================
[2025-09-15T10:05:02.967Z] [ERROR] [SPORT-SETTLE] MATCH_ODDS/BOOKMAKER: Both Diamond and Fancy APIs failed for event 778162788 - bet will remain pending
{
  "eventId": "778162788",
  "marketType": "MATCH_ODDS"
}
================================================================================
[2025-09-15T10:05:02.967Z] [INFO] [SPORT-SETTLE] OTHER MARKETS: Trying Fancy API ONLY for event 778162788, market type: Normal
{
  "eventId": "778162788",
  "marketType": "Normal"
}
================================================================================
[2025-09-15T10:05:02.968Z] [INFO] [SPORT-SETTLE] Trying Fancy API for event 778162788, market type: Normal
{
  "eventId": "778162788",
  "marketType": "Normal",
  "apiType": "fancy"
}
================================================================================
[2025-09-15T10:05:02.968Z] [DEBUG] [SPORT-SETTLE] Fancy API URL: http://localhost:3000/api/new/fancyResultData?eventId=778162788
{
  "url": "http://localhost:3000/api/new/fancyResultData?eventId=778162788"
}
================================================================================
[2025-09-15T10:05:03.071Z] [INFO] [SPORT-SETTLE] Fancy API response received
{
  "eventId": "778162788",
  "status": 200,
  "dataLength": 0,
  "hasData": true
}
================================================================================
[2025-09-15T10:05:03.071Z] [DEBUG] [SPORT-SETTLE] FANCY API response data
{
  "eventId": "778162788",
  "responseData": []
}
================================================================================
[2025-09-15T10:05:03.071Z] [WARN] [SPORT-SETTLE] FANCY API returned empty data for event 778162788
{
  "eventId": "778162788",
  "apiUsed": "fancy"
}
================================================================================
[2025-09-15T10:05:03.071Z] [ERROR] [SPORT-SETTLE] OTHER MARKETS: Fancy API failed for event 778162788, market type Normal - bet will remain pending (no fallback)
{
  "eventId": "778162788",
  "marketType": "Normal"
}
================================================================================
[2025-09-15T10:05:03.072Z] [INFO] [SPORT-SETTLE] OTHER MARKETS: Trying Fancy API ONLY for event 778162788, market type: Odd/Even
{
  "eventId": "778162788",
  "marketType": "Odd/Even"
}
================================================================================
[2025-09-15T10:05:03.072Z] [INFO] [SPORT-SETTLE] Trying Fancy API for event 778162788, market type: Odd/Even
{
  "eventId": "778162788",
  "marketType": "Odd/Even",
  "apiType": "fancy"
}
================================================================================
[2025-09-15T10:05:03.072Z] [DEBUG] [SPORT-SETTLE] Fancy API URL: http://localhost:3000/api/new/fancyResultData?eventId=778162788
{
  "url": "http://localhost:3000/api/new/fancyResultData?eventId=778162788"
}
================================================================================
[2025-09-15T10:05:03.160Z] [INFO] [SPORT-SETTLE] Fancy API response received
{
  "eventId": "778162788",
  "status": 200,
  "dataLength": 0,
  "hasData": true
}
================================================================================
[2025-09-15T10:05:03.161Z] [DEBUG] [SPORT-SETTLE] FANCY API response data
{
  "eventId": "778162788",
  "responseData": []
}
================================================================================
[2025-09-15T10:05:03.161Z] [WARN] [SPORT-SETTLE] FANCY API returned empty data for event 778162788
{
  "eventId": "778162788",
  "apiUsed": "fancy"
}
================================================================================
[2025-09-15T10:05:03.161Z] [ERROR] [SPORT-SETTLE] OTHER MARKETS: Fancy API failed for event 778162788, market type Odd/Even - bet will remain pending (no fallback)
{
  "eventId": "778162788",
  "marketType": "Odd/Even"
}
================================================================================
[2025-09-15T10:05:03.161Z] [INFO] [SPORT-SETTLE] OTHER MARKETS: Trying Fancy API ONLY for event 778162788, market type: 1ST INN 10 OVER SUR VS NOT
{
  "eventId": "778162788",
  "marketType": "1ST INN 10 OVER SUR VS NOT"
}
================================================================================
[2025-09-15T10:05:03.161Z] [INFO] [SPORT-SETTLE] Trying Fancy API for event 778162788, market type: 1ST INN 10 OVER SUR VS NOT
{
  "eventId": "778162788",
  "marketType": "1ST INN 10 OVER SUR VS NOT",
  "apiType": "fancy"
}
================================================================================
[2025-09-15T10:05:03.161Z] [DEBUG] [SPORT-SETTLE] Fancy API URL: http://localhost:3000/api/new/fancyResultData?eventId=778162788
{
  "url": "http://localhost:3000/api/new/fancyResultData?eventId=778162788"
}
================================================================================
[2025-09-15T10:05:03.269Z] [INFO] [SPORT-SETTLE] Fancy API response received
{
  "eventId": "778162788",
  "status": 200,
  "dataLength": 0,
  "hasData": true
}
================================================================================
[2025-09-15T10:05:03.269Z] [DEBUG] [SPORT-SETTLE] FANCY API response data
{
  "eventId": "778162788",
  "responseData": []
}
================================================================================
[2025-09-15T10:05:03.269Z] [WARN] [SPORT-SETTLE] FANCY API returned empty data for event 778162788
{
  "eventId": "778162788",
  "apiUsed": "fancy"
}
================================================================================
[2025-09-15T10:05:03.269Z] [ERROR] [SPORT-SETTLE] OTHER MARKETS: Fancy API failed for event 778162788, market type 1ST INN 10 OVER SUR VS NOT - bet will remain pending (no fallback)
{
  "eventId": "778162788",
  "marketType": "1ST INN 10 OVER SUR VS NOT"
}
================================================================================
[2025-09-15T10:05:03.269Z] [INFO] [SPORT-SETTLE] Event 778162788 settlement completed
{
  "eventId": "778162788",
  "settledCount": 0,
  "errorCount": 1,
  "errors": [
    {
      "eventId": "778162788",
      "error": "No result data available for settlement - both APIs failed"
    }
  ]
}
================================================================================
[2025-09-15T10:05:03.270Z] [INFO] [SPORT-SETTLE] Processing event 802156626 with 1 pending bets
================================================================================
[2025-09-15T10:05:03.352Z] [INFO] [SPORT-SETTLE] MATCH_ODDS/BOOKMAKER: Trying Diamond API first for event 802156626
{
  "eventId": "802156626",
  "marketType": "MATCH_ODDS"
}
================================================================================
[2025-09-15T10:05:03.352Z] [INFO] [SPORT-SETTLE] Trying Diamond API for event 802156626, market type: MATCH_ODDS
{
  "eventId": "802156626",
  "marketType": "MATCH_ODDS",
  "apiType": "diamond"
}
================================================================================
[2025-09-15T10:05:03.352Z] [DEBUG] [SPORT-SETTLE] Diamond API URL: http://localhost:3000/api/v2/diamondResults?eventId=802156626
{
  "url": "http://localhost:3000/api/v2/diamondResults?eventId=802156626"
}
================================================================================
[2025-09-15T10:05:03.950Z] [ERROR] [SPORT-SETTLE] Diamond API failed for event 802156626
{
  "eventId": "802156626",
  "marketType": "MATCH_ODDS",
  "error": {
    "message": "Request failed with status code 500",
    "code": "ERR_BAD_RESPONSE",
    "status": 500,
    "statusText": "Internal Server Error"
  }
}
================================================================================
[2025-09-15T10:05:03.950Z] [WARN] [SPORT-SETTLE] MATCH_ODDS/BOOKMAKER: Diamond API failed for event 802156626, trying Fancy API fallback
{
  "eventId": "802156626",
  "marketType": "MATCH_ODDS"
}
================================================================================
[2025-09-15T10:05:03.950Z] [INFO] [SPORT-SETTLE] Trying Fancy API for event 802156626, market type: MATCH_ODDS
{
  "eventId": "802156626",
  "marketType": "MATCH_ODDS",
  "apiType": "fancy"
}
================================================================================
[2025-09-15T10:05:03.951Z] [DEBUG] [SPORT-SETTLE] Fancy API URL: http://localhost:3000/api/new/fancyResultData?eventId=802156626
{
  "url": "http://localhost:3000/api/new/fancyResultData?eventId=802156626"
}
================================================================================
[2025-09-15T10:05:04.701Z] [INFO] [SPORT-SETTLE] Fancy API response received
{
  "eventId": "802156626",
  "status": 200,
  "dataLength": 0,
  "hasData": true
}
================================================================================
[2025-09-15T10:05:04.701Z] [DEBUG] [SPORT-SETTLE] FANCY API response data
{
  "eventId": "802156626",
  "responseData": []
}
================================================================================
[2025-09-15T10:05:04.701Z] [WARN] [SPORT-SETTLE] FANCY API returned empty data for event 802156626
{
  "eventId": "802156626",
  "apiUsed": "fancy"
}
================================================================================
[2025-09-15T10:05:04.701Z] [ERROR] [SPORT-SETTLE] MATCH_ODDS/BOOKMAKER: Both Diamond and Fancy APIs failed for event 802156626 - bet will remain pending
{
  "eventId": "802156626",
  "marketType": "MATCH_ODDS"
}
================================================================================
[2025-09-15T10:05:04.701Z] [INFO] [SPORT-SETTLE] Event 802156626 settlement completed
{
  "eventId": "802156626",
  "settledCount": 0,
  "errorCount": 1,
  "errors": [
    {
      "eventId": "802156626",
      "error": "No result data available for settlement - both APIs failed"
    }
  ]
}
================================================================================
[2025-09-15T10:05:04.701Z] [INFO] [SPORT-SETTLE] Batch settlement completed
{
  "totalSettled": 0,
  "totalErrors": 3,
  "totalEvents": 3,
  "errors": [
    {
      "eventId": "745429556",
      "error": "No result data available for settlement - both APIs failed"
    },
    {
      "eventId": "778162788",
      "error": "No result data available for settlement - both APIs failed"
    },
    {
      "eventId": "802156626",
      "error": "No result data available for settlement - both APIs failed"
    }
  ]
}
================================================================================
[2025-09-15T10:06:00.067Z] [INFO] [SPORT-SETTLE] Starting batch settlement for 3 events
{
  "eventIds": [
    "745429556",
    "778162788",
    "802156626"
  ]
}
================================================================================
[2025-09-15T10:06:00.153Z] [INFO] [SPORT-SETTLE] Found 6 pending bets across 3 events
{
  "totalBets": 6,
  "totalEvents": 3,
  "eventIds": [
    "745429556",
    "778162788",
    "802156626"
  ]
}
================================================================================
[2025-09-15T10:06:00.153Z] [INFO] [SPORT-SETTLE] Grouped bets by event
{
  "eventsWithBets": 3,
  "betsPerEvent": [
    {
      "eventId": "745429556",
      "betCount": 1
    },
    {
      "eventId": "778162788",
      "betCount": 4
    },
    {
      "eventId": "802156626",
      "betCount": 1
    }
  ]
}
================================================================================
[2025-09-15T10:06:00.153Z] [INFO] [SPORT-SETTLE] Processing event 745429556 with 1 pending bets
================================================================================
[2025-09-15T10:06:00.227Z] [INFO] [SPORT-SETTLE] OTHER MARKETS: Trying Fancy API ONLY for event 745429556, market type: Period Winner
{
  "eventId": "745429556",
  "marketType": "Period Winner"
}
================================================================================
[2025-09-15T10:06:00.227Z] [INFO] [SPORT-SETTLE] Trying Fancy API for event 745429556, market type: Period Winner
{
  "eventId": "745429556",
  "marketType": "Period Winner",
  "apiType": "fancy"
}
================================================================================
[2025-09-15T10:06:00.227Z] [DEBUG] [SPORT-SETTLE] Fancy API URL: http://localhost:3000/api/new/fancyResultData?eventId=745429556
{
  "url": "http://localhost:3000/api/new/fancyResultData?eventId=745429556"
}
================================================================================
[2025-09-15T10:06:00.923Z] [INFO] [SPORT-SETTLE] Fancy API response received
{
  "eventId": "745429556",
  "status": 200,
  "dataLength": 0,
  "hasData": true
}
================================================================================
[2025-09-15T10:06:00.924Z] [DEBUG] [SPORT-SETTLE] FANCY API response data
{
  "eventId": "745429556",
  "responseData": []
}
================================================================================
[2025-09-15T10:06:00.924Z] [WARN] [SPORT-SETTLE] FANCY API returned empty data for event 745429556
{
  "eventId": "745429556",
  "apiUsed": "fancy"
}
================================================================================
[2025-09-15T10:06:00.924Z] [ERROR] [SPORT-SETTLE] OTHER MARKETS: Fancy API failed for event 745429556, market type Period Winner - bet will remain pending (no fallback)
{
  "eventId": "745429556",
  "marketType": "Period Winner"
}
================================================================================
[2025-09-15T10:06:00.924Z] [INFO] [SPORT-SETTLE] Event 745429556 settlement completed
{
  "eventId": "745429556",
  "settledCount": 0,
  "errorCount": 1,
  "errors": [
    {
      "eventId": "745429556",
      "error": "No result data available for settlement - both APIs failed"
    }
  ]
}
================================================================================
[2025-09-15T10:06:00.924Z] [INFO] [SPORT-SETTLE] Processing event 778162788 with 4 pending bets
================================================================================
[2025-09-15T10:06:01.026Z] [INFO] [SPORT-SETTLE] MATCH_ODDS/BOOKMAKER: Trying Diamond API first for event 778162788
{
  "eventId": "778162788",
  "marketType": "MATCH_ODDS"
}
================================================================================
[2025-09-15T10:06:01.027Z] [INFO] [SPORT-SETTLE] Trying Diamond API for event 778162788, market type: MATCH_ODDS
{
  "eventId": "778162788",
  "marketType": "MATCH_ODDS",
  "apiType": "diamond"
}
================================================================================
[2025-09-15T10:06:01.027Z] [DEBUG] [SPORT-SETTLE] Diamond API URL: http://localhost:3000/api/v2/diamondResults?eventId=778162788
{
  "url": "http://localhost:3000/api/v2/diamondResults?eventId=778162788"
}
================================================================================
[2025-09-15T10:06:03.460Z] [ERROR] [SPORT-SETTLE] Diamond API failed for event 778162788
{
  "eventId": "778162788",
  "marketType": "MATCH_ODDS",
  "error": {
    "message": "Request failed with status code 500",
    "code": "ERR_BAD_RESPONSE",
    "status": 500,
    "statusText": "Internal Server Error"
  }
}
================================================================================
[2025-09-15T10:06:03.460Z] [WARN] [SPORT-SETTLE] MATCH_ODDS/BOOKMAKER: Diamond API failed for event 778162788, trying Fancy API fallback
{
  "eventId": "778162788",
  "marketType": "MATCH_ODDS"
}
================================================================================
[2025-09-15T10:06:03.461Z] [INFO] [SPORT-SETTLE] Trying Fancy API for event 778162788, market type: MATCH_ODDS
{
  "eventId": "778162788",
  "marketType": "MATCH_ODDS",
  "apiType": "fancy"
}
================================================================================
[2025-09-15T10:06:03.461Z] [DEBUG] [SPORT-SETTLE] Fancy API URL: http://localhost:3000/api/new/fancyResultData?eventId=778162788
{
  "url": "http://localhost:3000/api/new/fancyResultData?eventId=778162788"
}
================================================================================
[2025-09-15T10:06:04.197Z] [INFO] [SPORT-SETTLE] Fancy API response received
{
  "eventId": "778162788",
  "status": 200,
  "dataLength": 0,
  "hasData": true
}
================================================================================
[2025-09-15T10:06:04.197Z] [DEBUG] [SPORT-SETTLE] FANCY API response data
{
  "eventId": "778162788",
  "responseData": []
}
================================================================================
[2025-09-15T10:06:04.198Z] [WARN] [SPORT-SETTLE] FANCY API returned empty data for event 778162788
{
  "eventId": "778162788",
  "apiUsed": "fancy"
}
================================================================================
[2025-09-15T10:06:04.198Z] [ERROR] [SPORT-SETTLE] MATCH_ODDS/BOOKMAKER: Both Diamond and Fancy APIs failed for event 778162788 - bet will remain pending
{
  "eventId": "778162788",
  "marketType": "MATCH_ODDS"
}
================================================================================
[2025-09-15T10:06:04.198Z] [INFO] [SPORT-SETTLE] OTHER MARKETS: Trying Fancy API ONLY for event 778162788, market type: Normal
{
  "eventId": "778162788",
  "marketType": "Normal"
}
================================================================================
[2025-09-15T10:06:04.198Z] [INFO] [SPORT-SETTLE] Trying Fancy API for event 778162788, market type: Normal
{
  "eventId": "778162788",
  "marketType": "Normal",
  "apiType": "fancy"
}
================================================================================
[2025-09-15T10:06:04.198Z] [DEBUG] [SPORT-SETTLE] Fancy API URL: http://localhost:3000/api/new/fancyResultData?eventId=778162788
{
  "url": "http://localhost:3000/api/new/fancyResultData?eventId=778162788"
}
================================================================================
[2025-09-15T10:06:04.314Z] [INFO] [SPORT-SETTLE] Fancy API response received
{
  "eventId": "778162788",
  "status": 200,
  "dataLength": 0,
  "hasData": true
}
================================================================================
[2025-09-15T10:06:04.314Z] [DEBUG] [SPORT-SETTLE] FANCY API response data
{
  "eventId": "778162788",
  "responseData": []
}
================================================================================
[2025-09-15T10:06:04.314Z] [WARN] [SPORT-SETTLE] FANCY API returned empty data for event 778162788
{
  "eventId": "778162788",
  "apiUsed": "fancy"
}
================================================================================
[2025-09-15T10:06:04.314Z] [ERROR] [SPORT-SETTLE] OTHER MARKETS: Fancy API failed for event 778162788, market type Normal - bet will remain pending (no fallback)
{
  "eventId": "778162788",
  "marketType": "Normal"
}
================================================================================
[2025-09-15T10:06:04.314Z] [INFO] [SPORT-SETTLE] OTHER MARKETS: Trying Fancy API ONLY for event 778162788, market type: Odd/Even
{
  "eventId": "778162788",
  "marketType": "Odd/Even"
}
================================================================================
[2025-09-15T10:06:04.314Z] [INFO] [SPORT-SETTLE] Trying Fancy API for event 778162788, market type: Odd/Even
{
  "eventId": "778162788",
  "marketType": "Odd/Even",
  "apiType": "fancy"
}
================================================================================
[2025-09-15T10:06:04.314Z] [DEBUG] [SPORT-SETTLE] Fancy API URL: http://localhost:3000/api/new/fancyResultData?eventId=778162788
{
  "url": "http://localhost:3000/api/new/fancyResultData?eventId=778162788"
}
================================================================================
[2025-09-15T10:06:04.417Z] [INFO] [SPORT-SETTLE] Fancy API response received
{
  "eventId": "778162788",
  "status": 200,
  "dataLength": 0,
  "hasData": true
}
================================================================================
[2025-09-15T10:06:04.417Z] [DEBUG] [SPORT-SETTLE] FANCY API response data
{
  "eventId": "778162788",
  "responseData": []
}
================================================================================
[2025-09-15T10:06:04.417Z] [WARN] [SPORT-SETTLE] FANCY API returned empty data for event 778162788
{
  "eventId": "778162788",
  "apiUsed": "fancy"
}
================================================================================
[2025-09-15T10:06:04.417Z] [ERROR] [SPORT-SETTLE] OTHER MARKETS: Fancy API failed for event 778162788, market type Odd/Even - bet will remain pending (no fallback)
{
  "eventId": "778162788",
  "marketType": "Odd/Even"
}
================================================================================
[2025-09-15T10:06:04.417Z] [INFO] [SPORT-SETTLE] OTHER MARKETS: Trying Fancy API ONLY for event 778162788, market type: 1ST INN 10 OVER SUR VS NOT
{
  "eventId": "778162788",
  "marketType": "1ST INN 10 OVER SUR VS NOT"
}
================================================================================
[2025-09-15T10:06:04.417Z] [INFO] [SPORT-SETTLE] Trying Fancy API for event 778162788, market type: 1ST INN 10 OVER SUR VS NOT
{
  "eventId": "778162788",
  "marketType": "1ST INN 10 OVER SUR VS NOT",
  "apiType": "fancy"
}
================================================================================
[2025-09-15T10:06:04.417Z] [DEBUG] [SPORT-SETTLE] Fancy API URL: http://localhost:3000/api/new/fancyResultData?eventId=778162788
{
  "url": "http://localhost:3000/api/new/fancyResultData?eventId=778162788"
}
================================================================================
[2025-09-15T10:06:04.516Z] [INFO] [SPORT-SETTLE] Fancy API response received
{
  "eventId": "778162788",
  "status": 200,
  "dataLength": 0,
  "hasData": true
}
================================================================================
[2025-09-15T10:06:04.517Z] [DEBUG] [SPORT-SETTLE] FANCY API response data
{
  "eventId": "778162788",
  "responseData": []
}
================================================================================
[2025-09-15T10:06:04.517Z] [WARN] [SPORT-SETTLE] FANCY API returned empty data for event 778162788
{
  "eventId": "778162788",
  "apiUsed": "fancy"
}
================================================================================
[2025-09-15T10:06:04.517Z] [ERROR] [SPORT-SETTLE] OTHER MARKETS: Fancy API failed for event 778162788, market type 1ST INN 10 OVER SUR VS NOT - bet will remain pending (no fallback)
{
  "eventId": "778162788",
  "marketType": "1ST INN 10 OVER SUR VS NOT"
}
================================================================================
[2025-09-15T10:06:04.517Z] [INFO] [SPORT-SETTLE] Event 778162788 settlement completed
{
  "eventId": "778162788",
  "settledCount": 0,
  "errorCount": 1,
  "errors": [
    {
      "eventId": "778162788",
      "error": "No result data available for settlement - both APIs failed"
    }
  ]
}
================================================================================
[2025-09-15T10:06:04.517Z] [INFO] [SPORT-SETTLE] Processing event 802156626 with 1 pending bets
================================================================================
[2025-09-15T10:06:05.049Z] [INFO] [SPORT-SETTLE] MATCH_ODDS/BOOKMAKER: Trying Diamond API first for event 802156626
{
  "eventId": "802156626",
  "marketType": "MATCH_ODDS"
}
================================================================================
[2025-09-15T10:06:05.049Z] [INFO] [SPORT-SETTLE] Trying Diamond API for event 802156626, market type: MATCH_ODDS
{
  "eventId": "802156626",
  "marketType": "MATCH_ODDS",
  "apiType": "diamond"
}
================================================================================
[2025-09-15T10:06:05.050Z] [DEBUG] [SPORT-SETTLE] Diamond API URL: http://localhost:3000/api/v2/diamondResults?eventId=802156626
{
  "url": "http://localhost:3000/api/v2/diamondResults?eventId=802156626"
}
================================================================================
[2025-09-15T10:06:05.646Z] [ERROR] [SPORT-SETTLE] Diamond API failed for event 802156626
{
  "eventId": "802156626",
  "marketType": "MATCH_ODDS",
  "error": {
    "message": "Request failed with status code 500",
    "code": "ERR_BAD_RESPONSE",
    "status": 500,
    "statusText": "Internal Server Error"
  }
}
================================================================================
[2025-09-15T10:06:05.646Z] [WARN] [SPORT-SETTLE] MATCH_ODDS/BOOKMAKER: Diamond API failed for event 802156626, trying Fancy API fallback
{
  "eventId": "802156626",
  "marketType": "MATCH_ODDS"
}
================================================================================
[2025-09-15T10:06:05.646Z] [INFO] [SPORT-SETTLE] Trying Fancy API for event 802156626, market type: MATCH_ODDS
{
  "eventId": "802156626",
  "marketType": "MATCH_ODDS",
  "apiType": "fancy"
}
================================================================================
[2025-09-15T10:06:05.646Z] [DEBUG] [SPORT-SETTLE] Fancy API URL: http://localhost:3000/api/new/fancyResultData?eventId=802156626
{
  "url": "http://localhost:3000/api/new/fancyResultData?eventId=802156626"
}
================================================================================
[2025-09-15T10:06:05.781Z] [INFO] [SPORT-SETTLE] Fancy API response received
{
  "eventId": "802156626",
  "status": 200,
  "dataLength": 0,
  "hasData": true
}
================================================================================
[2025-09-15T10:06:05.781Z] [DEBUG] [SPORT-SETTLE] FANCY API response data
{
  "eventId": "802156626",
  "responseData": []
}
================================================================================
[2025-09-15T10:06:05.781Z] [WARN] [SPORT-SETTLE] FANCY API returned empty data for event 802156626
{
  "eventId": "802156626",
  "apiUsed": "fancy"
}
================================================================================
[2025-09-15T10:06:05.781Z] [ERROR] [SPORT-SETTLE] MATCH_ODDS/BOOKMAKER: Both Diamond and Fancy APIs failed for event 802156626 - bet will remain pending
{
  "eventId": "802156626",
  "marketType": "MATCH_ODDS"
}
================================================================================
[2025-09-15T10:06:05.781Z] [INFO] [SPORT-SETTLE] Event 802156626 settlement completed
{
  "eventId": "802156626",
  "settledCount": 0,
  "errorCount": 1,
  "errors": [
    {
      "eventId": "802156626",
      "error": "No result data available for settlement - both APIs failed"
    }
  ]
}
================================================================================
[2025-09-15T10:06:05.781Z] [INFO] [SPORT-SETTLE] Batch settlement completed
{
  "totalSettled": 0,
  "totalErrors": 3,
  "totalEvents": 3,
  "errors": [
    {
      "eventId": "745429556",
      "error": "No result data available for settlement - both APIs failed"
    },
    {
      "eventId": "778162788",
      "error": "No result data available for settlement - both APIs failed"
    },
    {
      "eventId": "802156626",
      "error": "No result data available for settlement - both APIs failed"
    }
  ]
}
================================================================================
[2025-09-15T10:07:25.666Z] [INFO] [SPORT-SETTLE] Starting batch settlement for 3 events
{
  "eventIds": [
    "745429556",
    "778162788",
    "802156626"
  ]
}
================================================================================
[2025-09-15T10:07:25.751Z] [INFO] [SPORT-SETTLE] Found 6 pending bets across 3 events
{
  "totalBets": 6,
  "totalEvents": 3,
  "eventIds": [
    "745429556",
    "778162788",
    "802156626"
  ]
}
================================================================================
[2025-09-15T10:07:25.752Z] [INFO] [SPORT-SETTLE] Grouped bets by event
{
  "eventsWithBets": 3,
  "betsPerEvent": [
    {
      "eventId": "745429556",
      "betCount": 1
    },
    {
      "eventId": "778162788",
      "betCount": 4
    },
    {
      "eventId": "802156626",
      "betCount": 1
    }
  ]
}
================================================================================
[2025-09-15T10:07:25.752Z] [INFO] [SPORT-SETTLE] Processing event 745429556 with 1 pending bets
================================================================================
[2025-09-15T10:07:25.832Z] [INFO] [SPORT-SETTLE] OTHER MARKETS: Trying Fancy API ONLY for event 745429556, market type: Period Winner
{
  "eventId": "745429556",
  "marketType": "Period Winner"
}
================================================================================
[2025-09-15T10:07:25.832Z] [INFO] [SPORT-SETTLE] Trying Fancy API for event 745429556, market type: Period Winner
{
  "eventId": "745429556",
  "marketType": "Period Winner",
  "apiType": "fancy"
}
================================================================================
[2025-09-15T10:07:25.832Z] [DEBUG] [SPORT-SETTLE] Fancy API URL: http://localhost:3000/api/new/fancyResultData?eventId=745429556
{
  "url": "http://localhost:3000/api/new/fancyResultData?eventId=745429556"
}
================================================================================
[2025-09-15T10:07:26.032Z] [INFO] [SPORT-SETTLE] Fancy API response received
{
  "eventId": "745429556",
  "status": 200,
  "dataLength": 0,
  "hasData": true
}
================================================================================
[2025-09-15T10:07:26.032Z] [DEBUG] [SPORT-SETTLE] FANCY API response data
{
  "eventId": "745429556",
  "responseData": []
}
================================================================================
[2025-09-15T10:07:26.032Z] [WARN] [SPORT-SETTLE] FANCY API returned empty data for event 745429556
{
  "eventId": "745429556",
  "apiUsed": "fancy"
}
================================================================================
[2025-09-15T10:07:26.032Z] [ERROR] [SPORT-SETTLE] OTHER MARKETS: Fancy API failed for event 745429556, market type Period Winner - bet will remain pending (no fallback)
{
  "eventId": "745429556",
  "marketType": "Period Winner"
}
================================================================================
[2025-09-15T10:07:26.032Z] [INFO] [SPORT-SETTLE] Event 745429556 settlement completed
{
  "eventId": "745429556",
  "settledCount": 0,
  "errorCount": 1,
  "errors": [
    {
      "eventId": "745429556",
      "error": "No result data available for settlement - both APIs failed"
    }
  ]
}
================================================================================
[2025-09-15T10:07:26.033Z] [INFO] [SPORT-SETTLE] Processing event 778162788 with 4 pending bets
================================================================================
[2025-09-15T10:07:26.099Z] [INFO] [SPORT-SETTLE] MATCH_ODDS/BOOKMAKER: Trying Diamond API first for event 778162788
{
  "eventId": "778162788",
  "marketType": "MATCH_ODDS"
}
================================================================================
[2025-09-15T10:07:26.099Z] [INFO] [SPORT-SETTLE] Trying Diamond API for event 778162788, market type: MATCH_ODDS
{
  "eventId": "778162788",
  "marketType": "MATCH_ODDS",
  "apiType": "diamond"
}
================================================================================
[2025-09-15T10:07:26.099Z] [DEBUG] [SPORT-SETTLE] Diamond API URL: http://localhost:3000/api/v2/diamondResults?eventId=778162788
{
  "url": "http://localhost:3000/api/v2/diamondResults?eventId=778162788"
}
================================================================================
[2025-09-15T10:07:28.549Z] [ERROR] [SPORT-SETTLE] Diamond API failed for event 778162788
{
  "eventId": "778162788",
  "marketType": "MATCH_ODDS",
  "error": {
    "message": "Request failed with status code 500",
    "code": "ERR_BAD_RESPONSE",
    "status": 500,
    "statusText": "Internal Server Error"
  }
}
================================================================================
[2025-09-15T10:07:28.550Z] [WARN] [SPORT-SETTLE] MATCH_ODDS/BOOKMAKER: Diamond API failed for event 778162788, trying Fancy API fallback
{
  "eventId": "778162788",
  "marketType": "MATCH_ODDS"
}
================================================================================
[2025-09-15T10:07:28.550Z] [INFO] [SPORT-SETTLE] Trying Fancy API for event 778162788, market type: MATCH_ODDS
{
  "eventId": "778162788",
  "marketType": "MATCH_ODDS",
  "apiType": "fancy"
}
================================================================================
[2025-09-15T10:07:28.550Z] [DEBUG] [SPORT-SETTLE] Fancy API URL: http://localhost:3000/api/new/fancyResultData?eventId=778162788
{
  "url": "http://localhost:3000/api/new/fancyResultData?eventId=778162788"
}
================================================================================
[2025-09-15T10:07:28.642Z] [INFO] [SPORT-SETTLE] Fancy API response received
{
  "eventId": "778162788",
  "status": 200,
  "dataLength": 0,
  "hasData": true
}
================================================================================
[2025-09-15T10:07:28.643Z] [DEBUG] [SPORT-SETTLE] FANCY API response data
{
  "eventId": "778162788",
  "responseData": []
}
================================================================================
[2025-09-15T10:07:28.643Z] [WARN] [SPORT-SETTLE] FANCY API returned empty data for event 778162788
{
  "eventId": "778162788",
  "apiUsed": "fancy"
}
================================================================================
[2025-09-15T10:07:28.643Z] [ERROR] [SPORT-SETTLE] MATCH_ODDS/BOOKMAKER: Both Diamond and Fancy APIs failed for event 778162788 - bet will remain pending
{
  "eventId": "778162788",
  "marketType": "MATCH_ODDS"
}
================================================================================
[2025-09-15T10:07:28.643Z] [INFO] [SPORT-SETTLE] OTHER MARKETS: Trying Fancy API ONLY for event 778162788, market type: Normal
{
  "eventId": "778162788",
  "marketType": "Normal"
}
================================================================================
[2025-09-15T10:07:28.643Z] [INFO] [SPORT-SETTLE] Trying Fancy API for event 778162788, market type: Normal
{
  "eventId": "778162788",
  "marketType": "Normal",
  "apiType": "fancy"
}
================================================================================
[2025-09-15T10:07:28.643Z] [DEBUG] [SPORT-SETTLE] Fancy API URL: http://localhost:3000/api/new/fancyResultData?eventId=778162788
{
  "url": "http://localhost:3000/api/new/fancyResultData?eventId=778162788"
}
================================================================================
[2025-09-15T10:07:28.754Z] [INFO] [SPORT-SETTLE] Fancy API response received
{
  "eventId": "778162788",
  "status": 200,
  "dataLength": 0,
  "hasData": true
}
================================================================================
[2025-09-15T10:07:28.754Z] [DEBUG] [SPORT-SETTLE] FANCY API response data
{
  "eventId": "778162788",
  "responseData": []
}
================================================================================
[2025-09-15T10:07:28.754Z] [WARN] [SPORT-SETTLE] FANCY API returned empty data for event 778162788
{
  "eventId": "778162788",
  "apiUsed": "fancy"
}
================================================================================
[2025-09-15T10:07:28.754Z] [ERROR] [SPORT-SETTLE] OTHER MARKETS: Fancy API failed for event 778162788, market type Normal - bet will remain pending (no fallback)
{
  "eventId": "778162788",
  "marketType": "Normal"
}
================================================================================
[2025-09-15T10:07:28.754Z] [INFO] [SPORT-SETTLE] OTHER MARKETS: Trying Fancy API ONLY for event 778162788, market type: Odd/Even
{
  "eventId": "778162788",
  "marketType": "Odd/Even"
}
================================================================================
[2025-09-15T10:07:28.755Z] [INFO] [SPORT-SETTLE] Trying Fancy API for event 778162788, market type: Odd/Even
{
  "eventId": "778162788",
  "marketType": "Odd/Even",
  "apiType": "fancy"
}
================================================================================
[2025-09-15T10:07:28.755Z] [DEBUG] [SPORT-SETTLE] Fancy API URL: http://localhost:3000/api/new/fancyResultData?eventId=778162788
{
  "url": "http://localhost:3000/api/new/fancyResultData?eventId=778162788"
}
================================================================================
[2025-09-15T10:07:28.857Z] [INFO] [SPORT-SETTLE] Fancy API response received
{
  "eventId": "778162788",
  "status": 200,
  "dataLength": 0,
  "hasData": true
}
================================================================================
[2025-09-15T10:07:28.858Z] [DEBUG] [SPORT-SETTLE] FANCY API response data
{
  "eventId": "778162788",
  "responseData": []
}
================================================================================
[2025-09-15T10:07:28.858Z] [WARN] [SPORT-SETTLE] FANCY API returned empty data for event 778162788
{
  "eventId": "778162788",
  "apiUsed": "fancy"
}
================================================================================
[2025-09-15T10:07:28.858Z] [ERROR] [SPORT-SETTLE] OTHER MARKETS: Fancy API failed for event 778162788, market type Odd/Even - bet will remain pending (no fallback)
{
  "eventId": "778162788",
  "marketType": "Odd/Even"
}
================================================================================
[2025-09-15T10:07:28.858Z] [INFO] [SPORT-SETTLE] OTHER MARKETS: Trying Fancy API ONLY for event 778162788, market type: 1ST INN 10 OVER SUR VS NOT
{
  "eventId": "778162788",
  "marketType": "1ST INN 10 OVER SUR VS NOT"
}
================================================================================
[2025-09-15T10:07:28.858Z] [INFO] [SPORT-SETTLE] Trying Fancy API for event 778162788, market type: 1ST INN 10 OVER SUR VS NOT
{
  "eventId": "778162788",
  "marketType": "1ST INN 10 OVER SUR VS NOT",
  "apiType": "fancy"
}
================================================================================
[2025-09-15T10:07:28.858Z] [DEBUG] [SPORT-SETTLE] Fancy API URL: http://localhost:3000/api/new/fancyResultData?eventId=778162788
{
  "url": "http://localhost:3000/api/new/fancyResultData?eventId=778162788"
}
================================================================================
[2025-09-15T10:07:28.951Z] [INFO] [SPORT-SETTLE] Fancy API response received
{
  "eventId": "778162788",
  "status": 200,
  "dataLength": 0,
  "hasData": true
}
================================================================================
[2025-09-15T10:07:28.951Z] [DEBUG] [SPORT-SETTLE] FANCY API response data
{
  "eventId": "778162788",
  "responseData": []
}
================================================================================
[2025-09-15T10:07:28.951Z] [WARN] [SPORT-SETTLE] FANCY API returned empty data for event 778162788
{
  "eventId": "778162788",
  "apiUsed": "fancy"
}
================================================================================
[2025-09-15T10:07:28.951Z] [ERROR] [SPORT-SETTLE] OTHER MARKETS: Fancy API failed for event 778162788, market type 1ST INN 10 OVER SUR VS NOT - bet will remain pending (no fallback)
{
  "eventId": "778162788",
  "marketType": "1ST INN 10 OVER SUR VS NOT"
}
================================================================================
[2025-09-15T10:07:28.951Z] [INFO] [SPORT-SETTLE] Event 778162788 settlement completed
{
  "eventId": "778162788",
  "settledCount": 0,
  "errorCount": 1,
  "errors": [
    {
      "eventId": "778162788",
      "error": "No result data available for settlement - both APIs failed"
    }
  ]
}
================================================================================
[2025-09-15T10:07:28.951Z] [INFO] [SPORT-SETTLE] Processing event 802156626 with 1 pending bets
================================================================================
[2025-09-15T10:07:29.024Z] [INFO] [SPORT-SETTLE] MATCH_ODDS/BOOKMAKER: Trying Diamond API first for event 802156626
{
  "eventId": "802156626",
  "marketType": "MATCH_ODDS"
}
================================================================================
[2025-09-15T10:07:29.024Z] [INFO] [SPORT-SETTLE] Trying Diamond API for event 802156626, market type: MATCH_ODDS
{
  "eventId": "802156626",
  "marketType": "MATCH_ODDS",
  "apiType": "diamond"
}
================================================================================
[2025-09-15T10:07:29.024Z] [DEBUG] [SPORT-SETTLE] Diamond API URL: http://localhost:3000/api/v2/diamondResults?eventId=802156626
{
  "url": "http://localhost:3000/api/v2/diamondResults?eventId=802156626"
}
================================================================================
[2025-09-15T10:07:29.619Z] [ERROR] [SPORT-SETTLE] Diamond API failed for event 802156626
{
  "eventId": "802156626",
  "marketType": "MATCH_ODDS",
  "error": {
    "message": "Request failed with status code 500",
    "code": "ERR_BAD_RESPONSE",
    "status": 500,
    "statusText": "Internal Server Error"
  }
}
================================================================================
[2025-09-15T10:07:29.619Z] [WARN] [SPORT-SETTLE] MATCH_ODDS/BOOKMAKER: Diamond API failed for event 802156626, trying Fancy API fallback
{
  "eventId": "802156626",
  "marketType": "MATCH_ODDS"
}
================================================================================
[2025-09-15T10:07:29.620Z] [INFO] [SPORT-SETTLE] Trying Fancy API for event 802156626, market type: MATCH_ODDS
{
  "eventId": "802156626",
  "marketType": "MATCH_ODDS",
  "apiType": "fancy"
}
================================================================================
[2025-09-15T10:07:29.620Z] [DEBUG] [SPORT-SETTLE] Fancy API URL: http://localhost:3000/api/new/fancyResultData?eventId=802156626
{
  "url": "http://localhost:3000/api/new/fancyResultData?eventId=802156626"
}
================================================================================
[2025-09-15T10:07:29.723Z] [INFO] [SPORT-SETTLE] Fancy API response received
{
  "eventId": "802156626",
  "status": 200,
  "dataLength": 0,
  "hasData": true
}
================================================================================
[2025-09-15T10:07:29.723Z] [DEBUG] [SPORT-SETTLE] FANCY API response data
{
  "eventId": "802156626",
  "responseData": []
}
================================================================================
[2025-09-15T10:07:29.723Z] [WARN] [SPORT-SETTLE] FANCY API returned empty data for event 802156626
{
  "eventId": "802156626",
  "apiUsed": "fancy"
}
================================================================================
[2025-09-15T10:07:29.723Z] [ERROR] [SPORT-SETTLE] MATCH_ODDS/BOOKMAKER: Both Diamond and Fancy APIs failed for event 802156626 - bet will remain pending
{
  "eventId": "802156626",
  "marketType": "MATCH_ODDS"
}
================================================================================
[2025-09-15T10:07:29.723Z] [INFO] [SPORT-SETTLE] Event 802156626 settlement completed
{
  "eventId": "802156626",
  "settledCount": 0,
  "errorCount": 1,
  "errors": [
    {
      "eventId": "802156626",
      "error": "No result data available for settlement - both APIs failed"
    }
  ]
}
================================================================================
[2025-09-15T10:07:29.724Z] [INFO] [SPORT-SETTLE] Batch settlement completed
{
  "totalSettled": 0,
  "totalErrors": 3,
  "totalEvents": 3,
  "errors": [
    {
      "eventId": "745429556",
      "error": "No result data available for settlement - both APIs failed"
    },
    {
      "eventId": "778162788",
      "error": "No result data available for settlement - both APIs failed"
    },
    {
      "eventId": "802156626",
      "error": "No result data available for settlement - both APIs failed"
    }
  ]
}
================================================================================
[2025-09-15T10:08:26.018Z] [INFO] [SPORT-SETTLE] Starting batch settlement for 2 events
{
  "eventIds": [
    "778162788",
    "802156626"
  ]
}
================================================================================
[2025-09-15T10:08:26.114Z] [INFO] [SPORT-SETTLE] Found 5 pending bets across 2 events
{
  "totalBets": 5,
  "totalEvents": 2,
  "eventIds": [
    "778162788",
    "802156626"
  ]
}
================================================================================
[2025-09-15T10:08:26.114Z] [INFO] [SPORT-SETTLE] Grouped bets by event
{
  "eventsWithBets": 2,
  "betsPerEvent": [
    {
      "eventId": "778162788",
      "betCount": 4
    },
    {
      "eventId": "802156626",
      "betCount": 1
    }
  ]
}
================================================================================
[2025-09-15T10:08:26.115Z] [INFO] [SPORT-SETTLE] Processing event 778162788 with 4 pending bets
================================================================================
[2025-09-15T10:08:26.211Z] [INFO] [SPORT-SETTLE] MATCH_ODDS/BOOKMAKER: Trying Diamond API first for event 778162788
{
  "eventId": "778162788",
  "marketType": "MATCH_ODDS"
}
================================================================================
[2025-09-15T10:08:26.211Z] [INFO] [SPORT-SETTLE] Trying Diamond API for event 778162788, market type: MATCH_ODDS
{
  "eventId": "778162788",
  "marketType": "MATCH_ODDS",
  "apiType": "diamond"
}
================================================================================
[2025-09-15T10:08:26.211Z] [DEBUG] [SPORT-SETTLE] Diamond API URL: http://localhost:3000/api/v2/diamondResults?eventId=778162788
{
  "url": "http://localhost:3000/api/v2/diamondResults?eventId=778162788"
}
================================================================================
[2025-09-15T10:08:28.810Z] [ERROR] [SPORT-SETTLE] Diamond API failed for event 778162788
{
  "eventId": "778162788",
  "marketType": "MATCH_ODDS",
  "error": {
    "message": "Request failed with status code 500",
    "code": "ERR_BAD_RESPONSE",
    "status": 500,
    "statusText": "Internal Server Error"
  }
}
================================================================================
[2025-09-15T10:08:28.811Z] [WARN] [SPORT-SETTLE] MATCH_ODDS/BOOKMAKER: Diamond API failed for event 778162788, trying Fancy API fallback
{
  "eventId": "778162788",
  "marketType": "MATCH_ODDS"
}
================================================================================
[2025-09-15T10:08:28.812Z] [INFO] [SPORT-SETTLE] Trying Fancy API for event 778162788, market type: MATCH_ODDS
{
  "eventId": "778162788",
  "marketType": "MATCH_ODDS",
  "apiType": "fancy"
}
================================================================================
[2025-09-15T10:08:28.812Z] [DEBUG] [SPORT-SETTLE] Fancy API URL: http://localhost:3000/api/new/fancyResultData?eventId=778162788
{
  "url": "http://localhost:3000/api/new/fancyResultData?eventId=778162788"
}
================================================================================
[2025-09-15T10:08:28.911Z] [INFO] [SPORT-SETTLE] Fancy API response received
{
  "eventId": "778162788",
  "status": 200,
  "dataLength": 0,
  "hasData": true
}
================================================================================
[2025-09-15T10:08:28.911Z] [DEBUG] [SPORT-SETTLE] FANCY API response data
{
  "eventId": "778162788",
  "responseData": []
}
================================================================================
[2025-09-15T10:08:28.911Z] [WARN] [SPORT-SETTLE] FANCY API returned empty data for event 778162788
{
  "eventId": "778162788",
  "apiUsed": "fancy"
}
================================================================================
[2025-09-15T10:08:28.911Z] [ERROR] [SPORT-SETTLE] MATCH_ODDS/BOOKMAKER: Both Diamond and Fancy APIs failed for event 778162788 - bet will remain pending
{
  "eventId": "778162788",
  "marketType": "MATCH_ODDS"
}
================================================================================
[2025-09-15T10:08:28.911Z] [INFO] [SPORT-SETTLE] OTHER MARKETS: Trying Fancy API ONLY for event 778162788, market type: Normal
{
  "eventId": "778162788",
  "marketType": "Normal"
}
================================================================================
[2025-09-15T10:08:28.911Z] [INFO] [SPORT-SETTLE] Trying Fancy API for event 778162788, market type: Normal
{
  "eventId": "778162788",
  "marketType": "Normal",
  "apiType": "fancy"
}
================================================================================
[2025-09-15T10:08:28.912Z] [DEBUG] [SPORT-SETTLE] Fancy API URL: http://localhost:3000/api/new/fancyResultData?eventId=778162788
{
  "url": "http://localhost:3000/api/new/fancyResultData?eventId=778162788"
}
================================================================================
[2025-09-15T10:08:29.024Z] [INFO] [SPORT-SETTLE] Fancy API response received
{
  "eventId": "778162788",
  "status": 200,
  "dataLength": 0,
  "hasData": true
}
================================================================================
[2025-09-15T10:08:29.025Z] [DEBUG] [SPORT-SETTLE] FANCY API response data
{
  "eventId": "778162788",
  "responseData": []
}
================================================================================
[2025-09-15T10:08:29.025Z] [WARN] [SPORT-SETTLE] FANCY API returned empty data for event 778162788
{
  "eventId": "778162788",
  "apiUsed": "fancy"
}
================================================================================
[2025-09-15T10:08:29.025Z] [ERROR] [SPORT-SETTLE] OTHER MARKETS: Fancy API failed for event 778162788, market type Normal - bet will remain pending (no fallback)
{
  "eventId": "778162788",
  "marketType": "Normal"
}
================================================================================
[2025-09-15T10:08:29.025Z] [INFO] [SPORT-SETTLE] OTHER MARKETS: Trying Fancy API ONLY for event 778162788, market type: Odd/Even
{
  "eventId": "778162788",
  "marketType": "Odd/Even"
}
================================================================================
[2025-09-15T10:08:29.025Z] [INFO] [SPORT-SETTLE] Trying Fancy API for event 778162788, market type: Odd/Even
{
  "eventId": "778162788",
  "marketType": "Odd/Even",
  "apiType": "fancy"
}
================================================================================
[2025-09-15T10:08:29.025Z] [DEBUG] [SPORT-SETTLE] Fancy API URL: http://localhost:3000/api/new/fancyResultData?eventId=778162788
{
  "url": "http://localhost:3000/api/new/fancyResultData?eventId=778162788"
}
================================================================================
[2025-09-15T10:08:29.126Z] [INFO] [SPORT-SETTLE] Fancy API response received
{
  "eventId": "778162788",
  "status": 200,
  "dataLength": 0,
  "hasData": true
}
================================================================================
[2025-09-15T10:08:29.126Z] [DEBUG] [SPORT-SETTLE] FANCY API response data
{
  "eventId": "778162788",
  "responseData": []
}
================================================================================
[2025-09-15T10:08:29.126Z] [WARN] [SPORT-SETTLE] FANCY API returned empty data for event 778162788
{
  "eventId": "778162788",
  "apiUsed": "fancy"
}
================================================================================
[2025-09-15T10:08:29.126Z] [ERROR] [SPORT-SETTLE] OTHER MARKETS: Fancy API failed for event 778162788, market type Odd/Even - bet will remain pending (no fallback)
{
  "eventId": "778162788",
  "marketType": "Odd/Even"
}
================================================================================
[2025-09-15T10:08:29.126Z] [INFO] [SPORT-SETTLE] OTHER MARKETS: Trying Fancy API ONLY for event 778162788, market type: 1ST INN 10 OVER SUR VS NOT
{
  "eventId": "778162788",
  "marketType": "1ST INN 10 OVER SUR VS NOT"
}
================================================================================
[2025-09-15T10:08:29.126Z] [INFO] [SPORT-SETTLE] Trying Fancy API for event 778162788, market type: 1ST INN 10 OVER SUR VS NOT
{
  "eventId": "778162788",
  "marketType": "1ST INN 10 OVER SUR VS NOT",
  "apiType": "fancy"
}
================================================================================
[2025-09-15T10:08:29.127Z] [DEBUG] [SPORT-SETTLE] Fancy API URL: http://localhost:3000/api/new/fancyResultData?eventId=778162788
{
  "url": "http://localhost:3000/api/new/fancyResultData?eventId=778162788"
}
================================================================================
[2025-09-15T10:08:29.228Z] [INFO] [SPORT-SETTLE] Fancy API response received
{
  "eventId": "778162788",
  "status": 200,
  "dataLength": 0,
  "hasData": true
}
================================================================================
[2025-09-15T10:08:29.229Z] [DEBUG] [SPORT-SETTLE] FANCY API response data
{
  "eventId": "778162788",
  "responseData": []
}
================================================================================
[2025-09-15T10:08:29.229Z] [WARN] [SPORT-SETTLE] FANCY API returned empty data for event 778162788
{
  "eventId": "778162788",
  "apiUsed": "fancy"
}
================================================================================
[2025-09-15T10:08:29.229Z] [ERROR] [SPORT-SETTLE] OTHER MARKETS: Fancy API failed for event 778162788, market type 1ST INN 10 OVER SUR VS NOT - bet will remain pending (no fallback)
{
  "eventId": "778162788",
  "marketType": "1ST INN 10 OVER SUR VS NOT"
}
================================================================================
[2025-09-15T10:08:29.229Z] [INFO] [SPORT-SETTLE] Event 778162788 settlement completed
{
  "eventId": "778162788",
  "settledCount": 0,
  "errorCount": 1,
  "errors": [
    {
      "eventId": "778162788",
      "error": "No result data available for settlement - both APIs failed"
    }
  ]
}
================================================================================
[2025-09-15T10:08:29.229Z] [INFO] [SPORT-SETTLE] Processing event 802156626 with 1 pending bets
================================================================================
[2025-09-15T10:08:29.310Z] [INFO] [SPORT-SETTLE] MATCH_ODDS/BOOKMAKER: Trying Diamond API first for event 802156626
{
  "eventId": "802156626",
  "marketType": "MATCH_ODDS"
}
================================================================================
[2025-09-15T10:08:29.310Z] [INFO] [SPORT-SETTLE] Trying Diamond API for event 802156626, market type: MATCH_ODDS
{
  "eventId": "802156626",
  "marketType": "MATCH_ODDS",
  "apiType": "diamond"
}
================================================================================
[2025-09-15T10:08:29.310Z] [DEBUG] [SPORT-SETTLE] Diamond API URL: http://localhost:3000/api/v2/diamondResults?eventId=802156626
{
  "url": "http://localhost:3000/api/v2/diamondResults?eventId=802156626"
}
================================================================================
[2025-09-15T10:08:29.915Z] [ERROR] [SPORT-SETTLE] Diamond API failed for event 802156626
{
  "eventId": "802156626",
  "marketType": "MATCH_ODDS",
  "error": {
    "message": "Request failed with status code 500",
    "code": "ERR_BAD_RESPONSE",
    "status": 500,
    "statusText": "Internal Server Error"
  }
}
================================================================================
[2025-09-15T10:08:29.915Z] [WARN] [SPORT-SETTLE] MATCH_ODDS/BOOKMAKER: Diamond API failed for event 802156626, trying Fancy API fallback
{
  "eventId": "802156626",
  "marketType": "MATCH_ODDS"
}
================================================================================
[2025-09-15T10:08:29.916Z] [INFO] [SPORT-SETTLE] Trying Fancy API for event 802156626, market type: MATCH_ODDS
{
  "eventId": "802156626",
  "marketType": "MATCH_ODDS",
  "apiType": "fancy"
}
================================================================================
[2025-09-15T10:08:29.916Z] [DEBUG] [SPORT-SETTLE] Fancy API URL: http://localhost:3000/api/new/fancyResultData?eventId=802156626
{
  "url": "http://localhost:3000/api/new/fancyResultData?eventId=802156626"
}
================================================================================
[2025-09-15T10:08:30.034Z] [INFO] [SPORT-SETTLE] Fancy API response received
{
  "eventId": "802156626",
  "status": 200,
  "dataLength": 0,
  "hasData": true
}
================================================================================
[2025-09-15T10:08:30.034Z] [DEBUG] [SPORT-SETTLE] FANCY API response data
{
  "eventId": "802156626",
  "responseData": []
}
================================================================================
[2025-09-15T10:08:30.034Z] [WARN] [SPORT-SETTLE] FANCY API returned empty data for event 802156626
{
  "eventId": "802156626",
  "apiUsed": "fancy"
}
================================================================================
[2025-09-15T10:08:30.034Z] [ERROR] [SPORT-SETTLE] MATCH_ODDS/BOOKMAKER: Both Diamond and Fancy APIs failed for event 802156626 - bet will remain pending
{
  "eventId": "802156626",
  "marketType": "MATCH_ODDS"
}
================================================================================
[2025-09-15T10:08:30.034Z] [INFO] [SPORT-SETTLE] Event 802156626 settlement completed
{
  "eventId": "802156626",
  "settledCount": 0,
  "errorCount": 1,
  "errors": [
    {
      "eventId": "802156626",
      "error": "No result data available for settlement - both APIs failed"
    }
  ]
}
================================================================================
[2025-09-15T10:08:30.034Z] [INFO] [SPORT-SETTLE] Batch settlement completed
{
  "totalSettled": 0,
  "totalErrors": 2,
  "totalEvents": 2,
  "errors": [
    {
      "eventId": "778162788",
      "error": "No result data available for settlement - both APIs failed"
    },
    {
      "eventId": "802156626",
      "error": "No result data available for settlement - both APIs failed"
    }
  ]
}
================================================================================
[2025-09-15T10:09:25.712Z] [INFO] [SPORT-SETTLE] Starting batch settlement for 2 events
{
  "eventIds": [
    "778162788",
    "802156626"
  ]
}
================================================================================
[2025-09-15T10:09:25.811Z] [INFO] [SPORT-SETTLE] Found 5 pending bets across 2 events
{
  "totalBets": 5,
  "totalEvents": 2,
  "eventIds": [
    "778162788",
    "802156626"
  ]
}
================================================================================
[2025-09-15T10:09:25.812Z] [INFO] [SPORT-SETTLE] Grouped bets by event
{
  "eventsWithBets": 2,
  "betsPerEvent": [
    {
      "eventId": "778162788",
      "betCount": 4
    },
    {
      "eventId": "802156626",
      "betCount": 1
    }
  ]
}
================================================================================
[2025-09-15T10:09:25.812Z] [INFO] [SPORT-SETTLE] Processing event 778162788 with 4 pending bets
================================================================================
[2025-09-15T10:09:25.903Z] [INFO] [SPORT-SETTLE] MATCH_ODDS/BOOKMAKER: Trying Diamond API first for event 778162788
{
  "eventId": "778162788",
  "marketType": "MATCH_ODDS"
}
================================================================================
[2025-09-15T10:09:25.903Z] [INFO] [SPORT-SETTLE] Trying Diamond API for event 778162788, market type: MATCH_ODDS
{
  "eventId": "778162788",
  "marketType": "MATCH_ODDS",
  "apiType": "diamond"
}
================================================================================
[2025-09-15T10:09:25.904Z] [DEBUG] [SPORT-SETTLE] Diamond API URL: http://localhost:3000/api/v2/diamondResults?eventId=778162788
{
  "url": "http://localhost:3000/api/v2/diamondResults?eventId=778162788"
}
================================================================================
[2025-09-15T10:09:26.595Z] [ERROR] [SPORT-SETTLE] Diamond API failed for event 778162788
{
  "eventId": "778162788",
  "marketType": "MATCH_ODDS",
  "error": {
    "message": "Request failed with status code 500",
    "code": "ERR_BAD_RESPONSE",
    "status": 500,
    "statusText": "Internal Server Error"
  }
}
================================================================================
[2025-09-15T10:09:26.596Z] [WARN] [SPORT-SETTLE] MATCH_ODDS/BOOKMAKER: Diamond API failed for event 778162788, trying Fancy API fallback
{
  "eventId": "778162788",
  "marketType": "MATCH_ODDS"
}
================================================================================
[2025-09-15T10:09:26.596Z] [INFO] [SPORT-SETTLE] Trying Fancy API for event 778162788, market type: MATCH_ODDS
{
  "eventId": "778162788",
  "marketType": "MATCH_ODDS",
  "apiType": "fancy"
}
================================================================================
[2025-09-15T10:09:26.596Z] [DEBUG] [SPORT-SETTLE] Fancy API URL: http://localhost:3000/api/new/fancyResultData?eventId=778162788
{
  "url": "http://localhost:3000/api/new/fancyResultData?eventId=778162788"
}
================================================================================
[2025-09-15T10:09:26.708Z] [INFO] [SPORT-SETTLE] Fancy API response received
{
  "eventId": "778162788",
  "status": 200,
  "dataLength": 0,
  "hasData": true
}
================================================================================
[2025-09-15T10:09:26.709Z] [DEBUG] [SPORT-SETTLE] FANCY API response data
{
  "eventId": "778162788",
  "responseData": []
}
================================================================================
[2025-09-15T10:09:26.709Z] [WARN] [SPORT-SETTLE] FANCY API returned empty data for event 778162788
{
  "eventId": "778162788",
  "apiUsed": "fancy"
}
================================================================================
[2025-09-15T10:09:26.709Z] [ERROR] [SPORT-SETTLE] MATCH_ODDS/BOOKMAKER: Both Diamond and Fancy APIs failed for event 778162788 - bet will remain pending
{
  "eventId": "778162788",
  "marketType": "MATCH_ODDS"
}
================================================================================
[2025-09-15T10:09:26.709Z] [INFO] [SPORT-SETTLE] OTHER MARKETS: Trying Fancy API ONLY for event 778162788, market type: Normal
{
  "eventId": "778162788",
  "marketType": "Normal"
}
================================================================================
[2025-09-15T10:09:26.709Z] [INFO] [SPORT-SETTLE] Trying Fancy API for event 778162788, market type: Normal
{
  "eventId": "778162788",
  "marketType": "Normal",
  "apiType": "fancy"
}
================================================================================
[2025-09-15T10:09:26.709Z] [DEBUG] [SPORT-SETTLE] Fancy API URL: http://localhost:3000/api/new/fancyResultData?eventId=778162788
{
  "url": "http://localhost:3000/api/new/fancyResultData?eventId=778162788"
}
================================================================================
[2025-09-15T10:09:26.814Z] [INFO] [SPORT-SETTLE] Fancy API response received
{
  "eventId": "778162788",
  "status": 200,
  "dataLength": 0,
  "hasData": true
}
================================================================================
[2025-09-15T10:09:26.815Z] [DEBUG] [SPORT-SETTLE] FANCY API response data
{
  "eventId": "778162788",
  "responseData": []
}
================================================================================
[2025-09-15T10:09:26.815Z] [WARN] [SPORT-SETTLE] FANCY API returned empty data for event 778162788
{
  "eventId": "778162788",
  "apiUsed": "fancy"
}
================================================================================
[2025-09-15T10:09:26.815Z] [ERROR] [SPORT-SETTLE] OTHER MARKETS: Fancy API failed for event 778162788, market type Normal - bet will remain pending (no fallback)
{
  "eventId": "778162788",
  "marketType": "Normal"
}
================================================================================
[2025-09-15T10:09:26.815Z] [INFO] [SPORT-SETTLE] OTHER MARKETS: Trying Fancy API ONLY for event 778162788, market type: Odd/Even
{
  "eventId": "778162788",
  "marketType": "Odd/Even"
}
================================================================================
[2025-09-15T10:09:26.815Z] [INFO] [SPORT-SETTLE] Trying Fancy API for event 778162788, market type: Odd/Even
{
  "eventId": "778162788",
  "marketType": "Odd/Even",
  "apiType": "fancy"
}
================================================================================
[2025-09-15T10:09:26.815Z] [DEBUG] [SPORT-SETTLE] Fancy API URL: http://localhost:3000/api/new/fancyResultData?eventId=778162788
{
  "url": "http://localhost:3000/api/new/fancyResultData?eventId=778162788"
}
================================================================================
[2025-09-15T10:09:26.928Z] [INFO] [SPORT-SETTLE] Fancy API response received
{
  "eventId": "778162788",
  "status": 200,
  "dataLength": 0,
  "hasData": true
}
================================================================================
[2025-09-15T10:09:26.929Z] [DEBUG] [SPORT-SETTLE] FANCY API response data
{
  "eventId": "778162788",
  "responseData": []
}
================================================================================
[2025-09-15T10:09:26.929Z] [WARN] [SPORT-SETTLE] FANCY API returned empty data for event 778162788
{
  "eventId": "778162788",
  "apiUsed": "fancy"
}
================================================================================
[2025-09-15T10:09:26.929Z] [ERROR] [SPORT-SETTLE] OTHER MARKETS: Fancy API failed for event 778162788, market type Odd/Even - bet will remain pending (no fallback)
{
  "eventId": "778162788",
  "marketType": "Odd/Even"
}
================================================================================
[2025-09-15T10:09:26.929Z] [INFO] [SPORT-SETTLE] OTHER MARKETS: Trying Fancy API ONLY for event 778162788, market type: 1ST INN 10 OVER SUR VS NOT
{
  "eventId": "778162788",
  "marketType": "1ST INN 10 OVER SUR VS NOT"
}
================================================================================
[2025-09-15T10:09:26.929Z] [INFO] [SPORT-SETTLE] Trying Fancy API for event 778162788, market type: 1ST INN 10 OVER SUR VS NOT
{
  "eventId": "778162788",
  "marketType": "1ST INN 10 OVER SUR VS NOT",
  "apiType": "fancy"
}
================================================================================
[2025-09-15T10:09:26.929Z] [DEBUG] [SPORT-SETTLE] Fancy API URL: http://localhost:3000/api/new/fancyResultData?eventId=778162788
{
  "url": "http://localhost:3000/api/new/fancyResultData?eventId=778162788"
}
================================================================================
[2025-09-15T10:09:27.029Z] [INFO] [SPORT-SETTLE] Fancy API response received
{
  "eventId": "778162788",
  "status": 200,
  "dataLength": 0,
  "hasData": true
}
================================================================================
[2025-09-15T10:09:27.030Z] [DEBUG] [SPORT-SETTLE] FANCY API response data
{
  "eventId": "778162788",
  "responseData": []
}
================================================================================
[2025-09-15T10:09:27.030Z] [WARN] [SPORT-SETTLE] FANCY API returned empty data for event 778162788
{
  "eventId": "778162788",
  "apiUsed": "fancy"
}
================================================================================
[2025-09-15T10:09:27.030Z] [ERROR] [SPORT-SETTLE] OTHER MARKETS: Fancy API failed for event 778162788, market type 1ST INN 10 OVER SUR VS NOT - bet will remain pending (no fallback)
{
  "eventId": "778162788",
  "marketType": "1ST INN 10 OVER SUR VS NOT"
}
================================================================================
[2025-09-15T10:09:27.030Z] [INFO] [SPORT-SETTLE] Event 778162788 settlement completed
{
  "eventId": "778162788",
  "settledCount": 0,
  "errorCount": 1,
  "errors": [
    {
      "eventId": "778162788",
      "error": "No result data available for settlement - both APIs failed"
    }
  ]
}
================================================================================
[2025-09-15T10:09:27.030Z] [INFO] [SPORT-SETTLE] Processing event 802156626 with 1 pending bets
================================================================================
[2025-09-15T10:09:27.098Z] [INFO] [SPORT-SETTLE] MATCH_ODDS/BOOKMAKER: Trying Diamond API first for event 802156626
{
  "eventId": "802156626",
  "marketType": "MATCH_ODDS"
}
================================================================================
[2025-09-15T10:09:27.098Z] [INFO] [SPORT-SETTLE] Trying Diamond API for event 802156626, market type: MATCH_ODDS
{
  "eventId": "802156626",
  "marketType": "MATCH_ODDS",
  "apiType": "diamond"
}
================================================================================
[2025-09-15T10:09:27.098Z] [DEBUG] [SPORT-SETTLE] Diamond API URL: http://localhost:3000/api/v2/diamondResults?eventId=802156626
{
  "url": "http://localhost:3000/api/v2/diamondResults?eventId=802156626"
}
================================================================================
[2025-09-15T10:09:27.711Z] [ERROR] [SPORT-SETTLE] Diamond API failed for event 802156626
{
  "eventId": "802156626",
  "marketType": "MATCH_ODDS",
  "error": {
    "message": "Request failed with status code 500",
    "code": "ERR_BAD_RESPONSE",
    "status": 500,
    "statusText": "Internal Server Error"
  }
}
================================================================================
[2025-09-15T10:09:27.711Z] [WARN] [SPORT-SETTLE] MATCH_ODDS/BOOKMAKER: Diamond API failed for event 802156626, trying Fancy API fallback
{
  "eventId": "802156626",
  "marketType": "MATCH_ODDS"
}
================================================================================
[2025-09-15T10:09:27.711Z] [INFO] [SPORT-SETTLE] Trying Fancy API for event 802156626, market type: MATCH_ODDS
{
  "eventId": "802156626",
  "marketType": "MATCH_ODDS",
  "apiType": "fancy"
}
================================================================================
[2025-09-15T10:09:27.711Z] [DEBUG] [SPORT-SETTLE] Fancy API URL: http://localhost:3000/api/new/fancyResultData?eventId=802156626
{
  "url": "http://localhost:3000/api/new/fancyResultData?eventId=802156626"
}
================================================================================
[2025-09-15T10:09:27.834Z] [INFO] [SPORT-SETTLE] Fancy API response received
{
  "eventId": "802156626",
  "status": 200,
  "dataLength": 0,
  "hasData": true
}
================================================================================
[2025-09-15T10:09:27.835Z] [DEBUG] [SPORT-SETTLE] FANCY API response data
{
  "eventId": "802156626",
  "responseData": []
}
================================================================================
[2025-09-15T10:09:27.835Z] [WARN] [SPORT-SETTLE] FANCY API returned empty data for event 802156626
{
  "eventId": "802156626",
  "apiUsed": "fancy"
}
================================================================================
[2025-09-15T10:09:27.835Z] [ERROR] [SPORT-SETTLE] MATCH_ODDS/BOOKMAKER: Both Diamond and Fancy APIs failed for event 802156626 - bet will remain pending
{
  "eventId": "802156626",
  "marketType": "MATCH_ODDS"
}
================================================================================
[2025-09-15T10:09:27.835Z] [INFO] [SPORT-SETTLE] Event 802156626 settlement completed
{
  "eventId": "802156626",
  "settledCount": 0,
  "errorCount": 1,
  "errors": [
    {
      "eventId": "802156626",
      "error": "No result data available for settlement - both APIs failed"
    }
  ]
}
================================================================================
[2025-09-15T10:09:27.835Z] [INFO] [SPORT-SETTLE] Batch settlement completed
{
  "totalSettled": 0,
  "totalErrors": 2,
  "totalEvents": 2,
  "errors": [
    {
      "eventId": "778162788",
      "error": "No result data available for settlement - both APIs failed"
    },
    {
      "eventId": "802156626",
      "error": "No result data available for settlement - both APIs failed"
    }
  ]
}
================================================================================
[2025-09-15T10:10:26.402Z] [INFO] [SPORT-SETTLE] Starting batch settlement for 2 events
{
  "eventIds": [
    "778162788",
    "802156626"
  ]
}
================================================================================
[2025-09-15T10:10:26.499Z] [INFO] [SPORT-SETTLE] Found 5 pending bets across 2 events
{
  "totalBets": 5,
  "totalEvents": 2,
  "eventIds": [
    "778162788",
    "802156626"
  ]
}
================================================================================
[2025-09-15T10:10:26.500Z] [INFO] [SPORT-SETTLE] Grouped bets by event
{
  "eventsWithBets": 2,
  "betsPerEvent": [
    {
      "eventId": "778162788",
      "betCount": 4
    },
    {
      "eventId": "802156626",
      "betCount": 1
    }
  ]
}
================================================================================
[2025-09-15T10:10:26.501Z] [INFO] [SPORT-SETTLE] Processing event 778162788 with 4 pending bets
================================================================================
[2025-09-15T10:10:26.586Z] [INFO] [SPORT-SETTLE] MATCH_ODDS/BOOKMAKER: Trying Diamond API first for event 778162788
{
  "eventId": "778162788",
  "marketType": "MATCH_ODDS"
}
================================================================================
[2025-09-15T10:10:26.586Z] [INFO] [SPORT-SETTLE] Trying Diamond API for event 778162788, market type: MATCH_ODDS
{
  "eventId": "778162788",
  "marketType": "MATCH_ODDS",
  "apiType": "diamond"
}
================================================================================
[2025-09-15T10:10:26.586Z] [DEBUG] [SPORT-SETTLE] Diamond API URL: http://localhost:3000/api/v2/diamondResults?eventId=778162788
{
  "url": "http://localhost:3000/api/v2/diamondResults?eventId=778162788"
}
================================================================================
[2025-09-15T10:10:29.168Z] [ERROR] [SPORT-SETTLE] Diamond API failed for event 778162788
{
  "eventId": "778162788",
  "marketType": "MATCH_ODDS",
  "error": {
    "message": "Request failed with status code 500",
    "code": "ERR_BAD_RESPONSE",
    "status": 500,
    "statusText": "Internal Server Error"
  }
}
================================================================================
[2025-09-15T10:10:29.168Z] [WARN] [SPORT-SETTLE] MATCH_ODDS/BOOKMAKER: Diamond API failed for event 778162788, trying Fancy API fallback
{
  "eventId": "778162788",
  "marketType": "MATCH_ODDS"
}
================================================================================
[2025-09-15T10:10:29.169Z] [INFO] [SPORT-SETTLE] Trying Fancy API for event 778162788, market type: MATCH_ODDS
{
  "eventId": "778162788",
  "marketType": "MATCH_ODDS",
  "apiType": "fancy"
}
================================================================================
[2025-09-15T10:10:29.169Z] [DEBUG] [SPORT-SETTLE] Fancy API URL: http://localhost:3000/api/new/fancyResultData?eventId=778162788
{
  "url": "http://localhost:3000/api/new/fancyResultData?eventId=778162788"
}
================================================================================
[2025-09-15T10:10:29.259Z] [INFO] [SPORT-SETTLE] Fancy API response received
{
  "eventId": "778162788",
  "status": 200,
  "dataLength": 0,
  "hasData": true
}
================================================================================
[2025-09-15T10:10:29.260Z] [DEBUG] [SPORT-SETTLE] FANCY API response data
{
  "eventId": "778162788",
  "responseData": []
}
================================================================================
[2025-09-15T10:10:29.260Z] [WARN] [SPORT-SETTLE] FANCY API returned empty data for event 778162788
{
  "eventId": "778162788",
  "apiUsed": "fancy"
}
================================================================================
[2025-09-15T10:10:29.260Z] [ERROR] [SPORT-SETTLE] MATCH_ODDS/BOOKMAKER: Both Diamond and Fancy APIs failed for event 778162788 - bet will remain pending
{
  "eventId": "778162788",
  "marketType": "MATCH_ODDS"
}
================================================================================
[2025-09-15T10:10:29.260Z] [INFO] [SPORT-SETTLE] OTHER MARKETS: Trying Fancy API ONLY for event 778162788, market type: Normal
{
  "eventId": "778162788",
  "marketType": "Normal"
}
================================================================================
[2025-09-15T10:10:29.260Z] [INFO] [SPORT-SETTLE] Trying Fancy API for event 778162788, market type: Normal
{
  "eventId": "778162788",
  "marketType": "Normal",
  "apiType": "fancy"
}
================================================================================
[2025-09-15T10:10:29.260Z] [DEBUG] [SPORT-SETTLE] Fancy API URL: http://localhost:3000/api/new/fancyResultData?eventId=778162788
{
  "url": "http://localhost:3000/api/new/fancyResultData?eventId=778162788"
}
================================================================================
[2025-09-15T10:10:29.360Z] [INFO] [SPORT-SETTLE] Fancy API response received
{
  "eventId": "778162788",
  "status": 200,
  "dataLength": 0,
  "hasData": true
}
================================================================================
[2025-09-15T10:10:29.360Z] [DEBUG] [SPORT-SETTLE] FANCY API response data
{
  "eventId": "778162788",
  "responseData": []
}
================================================================================
[2025-09-15T10:10:29.360Z] [WARN] [SPORT-SETTLE] FANCY API returned empty data for event 778162788
{
  "eventId": "778162788",
  "apiUsed": "fancy"
}
================================================================================
[2025-09-15T10:10:29.360Z] [ERROR] [SPORT-SETTLE] OTHER MARKETS: Fancy API failed for event 778162788, market type Normal - bet will remain pending (no fallback)
{
  "eventId": "778162788",
  "marketType": "Normal"
}
================================================================================
[2025-09-15T10:10:29.361Z] [INFO] [SPORT-SETTLE] OTHER MARKETS: Trying Fancy API ONLY for event 778162788, market type: Odd/Even
{
  "eventId": "778162788",
  "marketType": "Odd/Even"
}
================================================================================
[2025-09-15T10:10:29.361Z] [INFO] [SPORT-SETTLE] Trying Fancy API for event 778162788, market type: Odd/Even
{
  "eventId": "778162788",
  "marketType": "Odd/Even",
  "apiType": "fancy"
}
================================================================================
[2025-09-15T10:10:29.361Z] [DEBUG] [SPORT-SETTLE] Fancy API URL: http://localhost:3000/api/new/fancyResultData?eventId=778162788
{
  "url": "http://localhost:3000/api/new/fancyResultData?eventId=778162788"
}
================================================================================
[2025-09-15T10:10:29.451Z] [INFO] [SPORT-SETTLE] Fancy API response received
{
  "eventId": "778162788",
  "status": 200,
  "dataLength": 0,
  "hasData": true
}
================================================================================
[2025-09-15T10:10:29.451Z] [DEBUG] [SPORT-SETTLE] FANCY API response data
{
  "eventId": "778162788",
  "responseData": []
}
================================================================================
[2025-09-15T10:10:29.451Z] [WARN] [SPORT-SETTLE] FANCY API returned empty data for event 778162788
{
  "eventId": "778162788",
  "apiUsed": "fancy"
}
================================================================================
[2025-09-15T10:10:29.452Z] [ERROR] [SPORT-SETTLE] OTHER MARKETS: Fancy API failed for event 778162788, market type Odd/Even - bet will remain pending (no fallback)
{
  "eventId": "778162788",
  "marketType": "Odd/Even"
}
================================================================================
[2025-09-15T10:10:29.452Z] [INFO] [SPORT-SETTLE] OTHER MARKETS: Trying Fancy API ONLY for event 778162788, market type: 1ST INN 10 OVER SUR VS NOT
{
  "eventId": "778162788",
  "marketType": "1ST INN 10 OVER SUR VS NOT"
}
================================================================================
[2025-09-15T10:10:29.452Z] [INFO] [SPORT-SETTLE] Trying Fancy API for event 778162788, market type: 1ST INN 10 OVER SUR VS NOT
{
  "eventId": "778162788",
  "marketType": "1ST INN 10 OVER SUR VS NOT",
  "apiType": "fancy"
}
================================================================================
[2025-09-15T10:10:29.452Z] [DEBUG] [SPORT-SETTLE] Fancy API URL: http://localhost:3000/api/new/fancyResultData?eventId=778162788
{
  "url": "http://localhost:3000/api/new/fancyResultData?eventId=778162788"
}
================================================================================
[2025-09-15T10:10:29.565Z] [INFO] [SPORT-SETTLE] Fancy API response received
{
  "eventId": "778162788",
  "status": 200,
  "dataLength": 0,
  "hasData": true
}
================================================================================
[2025-09-15T10:10:29.565Z] [DEBUG] [SPORT-SETTLE] FANCY API response data
{
  "eventId": "778162788",
  "responseData": []
}
================================================================================
[2025-09-15T10:10:29.565Z] [WARN] [SPORT-SETTLE] FANCY API returned empty data for event 778162788
{
  "eventId": "778162788",
  "apiUsed": "fancy"
}
================================================================================
[2025-09-15T10:10:29.565Z] [ERROR] [SPORT-SETTLE] OTHER MARKETS: Fancy API failed for event 778162788, market type 1ST INN 10 OVER SUR VS NOT - bet will remain pending (no fallback)
{
  "eventId": "778162788",
  "marketType": "1ST INN 10 OVER SUR VS NOT"
}
================================================================================
[2025-09-15T10:10:29.566Z] [INFO] [SPORT-SETTLE] Event 778162788 settlement completed
{
  "eventId": "778162788",
  "settledCount": 0,
  "errorCount": 1,
  "errors": [
    {
      "eventId": "778162788",
      "error": "No result data available for settlement - both APIs failed"
    }
  ]
}
================================================================================
[2025-09-15T10:10:29.566Z] [INFO] [SPORT-SETTLE] Processing event 802156626 with 1 pending bets
================================================================================
[2025-09-15T10:10:29.656Z] [INFO] [SPORT-SETTLE] MATCH_ODDS/BOOKMAKER: Trying Diamond API first for event 802156626
{
  "eventId": "802156626",
  "marketType": "MATCH_ODDS"
}
================================================================================
[2025-09-15T10:10:29.656Z] [INFO] [SPORT-SETTLE] Trying Diamond API for event 802156626, market type: MATCH_ODDS
{
  "eventId": "802156626",
  "marketType": "MATCH_ODDS",
  "apiType": "diamond"
}
================================================================================
[2025-09-15T10:10:29.656Z] [DEBUG] [SPORT-SETTLE] Diamond API URL: http://localhost:3000/api/v2/diamondResults?eventId=802156626
{
  "url": "http://localhost:3000/api/v2/diamondResults?eventId=802156626"
}
================================================================================
[2025-09-15T10:10:30.266Z] [ERROR] [SPORT-SETTLE] Diamond API failed for event 802156626
{
  "eventId": "802156626",
  "marketType": "MATCH_ODDS",
  "error": {
    "message": "Request failed with status code 500",
    "code": "ERR_BAD_RESPONSE",
    "status": 500,
    "statusText": "Internal Server Error"
  }
}
================================================================================
[2025-09-15T10:10:30.267Z] [WARN] [SPORT-SETTLE] MATCH_ODDS/BOOKMAKER: Diamond API failed for event 802156626, trying Fancy API fallback
{
  "eventId": "802156626",
  "marketType": "MATCH_ODDS"
}
================================================================================
[2025-09-15T10:10:30.267Z] [INFO] [SPORT-SETTLE] Trying Fancy API for event 802156626, market type: MATCH_ODDS
{
  "eventId": "802156626",
  "marketType": "MATCH_ODDS",
  "apiType": "fancy"
}
================================================================================
[2025-09-15T10:10:30.267Z] [DEBUG] [SPORT-SETTLE] Fancy API URL: http://localhost:3000/api/new/fancyResultData?eventId=802156626
{
  "url": "http://localhost:3000/api/new/fancyResultData?eventId=802156626"
}
================================================================================
[2025-09-15T10:10:30.369Z] [INFO] [SPORT-SETTLE] Fancy API response received
{
  "eventId": "802156626",
  "status": 200,
  "dataLength": 0,
  "hasData": true
}
================================================================================
[2025-09-15T10:10:30.369Z] [DEBUG] [SPORT-SETTLE] FANCY API response data
{
  "eventId": "802156626",
  "responseData": []
}
================================================================================
[2025-09-15T10:10:30.369Z] [WARN] [SPORT-SETTLE] FANCY API returned empty data for event 802156626
{
  "eventId": "802156626",
  "apiUsed": "fancy"
}
================================================================================
[2025-09-15T10:10:30.369Z] [ERROR] [SPORT-SETTLE] MATCH_ODDS/BOOKMAKER: Both Diamond and Fancy APIs failed for event 802156626 - bet will remain pending
{
  "eventId": "802156626",
  "marketType": "MATCH_ODDS"
}
================================================================================
[2025-09-15T10:10:30.370Z] [INFO] [SPORT-SETTLE] Event 802156626 settlement completed
{
  "eventId": "802156626",
  "settledCount": 0,
  "errorCount": 1,
  "errors": [
    {
      "eventId": "802156626",
      "error": "No result data available for settlement - both APIs failed"
    }
  ]
}
================================================================================
[2025-09-15T10:10:30.370Z] [INFO] [SPORT-SETTLE] Batch settlement completed
{
  "totalSettled": 0,
  "totalErrors": 2,
  "totalEvents": 2,
  "errors": [
    {
      "eventId": "778162788",
      "error": "No result data available for settlement - both APIs failed"
    },
    {
      "eventId": "802156626",
      "error": "No result data available for settlement - both APIs failed"
    }
  ]
}
================================================================================
